-- phpMyAdmin SQL Dump
-- version 5.1.1
-- https://www.phpmyadmin.net/
--
-- Host: localhost
-- Generation Time: May 10, 2022 at 05:37 PM
-- Server version: 10.4.21-MariaDB
-- PHP Version: 7.4.27

SET SQL_MODE = "NO_AUTO_VALUE_ON_ZERO";
START TRANSACTION;
SET time_zone = "+00:00";


/*!40101 SET @OLD_CHARACTER_SET_CLIENT=@@CHARACTER_SET_CLIENT */;
/*!40101 SET @OLD_CHARACTER_SET_RESULTS=@@CHARACTER_SET_RESULTS */;
/*!40101 SET @OLD_COLLATION_CONNECTION=@@COLLATION_CONNECTION */;
/*!40101 SET NAMES utf8mb4 */;

--
-- Database: `GGP_Shop_db`
--

-- --------------------------------------------------------

--
-- Table structure for table `category`
--

CREATE TABLE `category` (
  `id` int(13) NOT NULL,
  `category_name` varchar(255) DEFAULT NULL,
  `create_date` timestamp NOT NULL DEFAULT current_timestamp(),
  `update_date` varchar(255) DEFAULT NULL
) ENGINE=InnoDB DEFAULT CHARSET=utf8;

--
-- Dumping data for table `category`
--

INSERT INTO `category` (`id`, `category_name`, `create_date`, `update_date`) VALUES
(1, 'หูฟังเกมมิ่ง', '2022-04-22 11:04:02', '24-04-2022 08:38:47 AM'),
(2, 'คีย์บอร์ดเกมมิ่ง', '2022-04-22 11:05:16', NULL),
(3, 'เมาส์เกมมิ่ง', '2022-04-22 11:05:52', NULL),
(4, 'เก้าอี้เกมมิ่ง', '2022-04-22 11:06:17', NULL),
(5, 'โต๊ะเกมมิ่ง', '2022-04-22 11:06:52', NULL),
(6, 'จอคอมเกมมิ่ง', '2022-04-22 11:07:21', NULL),
(7, 'Custom Keyboard', '2022-04-22 11:08:54', NULL),
(8, 'อุปกรณ์เกมมือถือ', '2022-04-22 11:09:38', NULL),
(9, 'เกมคอนโซล', '2022-04-22 11:10:04', '2022-05-08 02:57:01 PM'),
(10, 'จอยเกม', '2022-04-22 11:10:18', NULL);

-- --------------------------------------------------------

--
-- Table structure for table `code`
--

CREATE TABLE `code` (
  `id` int(13) NOT NULL,
  `code` varchar(100) DEFAULT NULL,
  `active` varchar(100) DEFAULT NULL,
  `type_id` varchar(13) DEFAULT NULL,
  `product_id` varchar(13) DEFAULT NULL,
  `cost` int(13) DEFAULT NULL,
  `start` varchar(255) DEFAULT NULL,
  `end` varchar(255) DEFAULT NULL
) ENGINE=InnoDB DEFAULT CHARSET=utf8;

--
-- Dumping data for table `code`
--

INSERT INTO `code` (`id`, `code`, `active`, `type_id`, `product_id`, `cost`, `start`, `end`) VALUES
(1, 'welcome', 'Yes', 'ALL', 'ALL', 100, '2022-05-11', '2022-05-30');

-- --------------------------------------------------------

--
-- Table structure for table `contact`
--

CREATE TABLE `contact` (
  `id` int(13) NOT NULL,
  `name_help` varchar(255) DEFAULT NULL,
  `email_help` varchar(255) DEFAULT NULL,
  `sub_help` varchar(100) DEFAULT NULL,
  `message_help` longtext DEFAULT NULL,
  `send_date` timestamp NOT NULL DEFAULT current_timestamp()
) ENGINE=InnoDB DEFAULT CHARSET=utf8;

--
-- Dumping data for table `contact`
--

INSERT INTO `contact` (`id`, `name_help`, `email_help`, `sub_help`, `message_help`, `send_date`) VALUES
(1, 'Amatsuyu', 'amatsuyu99@gmail.com', 'หูฟังชำรุดครับ', 'พอดีสินค้าที่ผมสั่งไปวันก่อนมันมีตำหนิครับ คือตอนแรกก็ใช้งานปกติดีแต่พอใช้ไป 2-3 วันแล้วหูฟังข้างขวาเสียงหายไปครับ สามารถส่งไปเคลมได้ที่ไหนครับ', '2022-05-10 08:00:07');

-- --------------------------------------------------------

--
-- Table structure for table `orders`
--

CREATE TABLE `orders` (
  `id` int(13) NOT NULL,
  `order_id` int(13) DEFAULT NULL,
  `cus_id` int(13) DEFAULT NULL,
  `fullname` varchar(255) DEFAULT NULL,
  `email` varchar(255) DEFAULT NULL,
  `product_id` varchar(255) DEFAULT NULL,
  `quantity` int(13) DEFAULT NULL,
  `shipping_address` varchar(255) DEFAULT NULL,
  `shipping_pincode` varchar(255) DEFAULT NULL,
  `contactno` bigint(13) DEFAULT NULL,
  `order_date` timestamp NOT NULL DEFAULT current_timestamp(),
  `payment_method` varchar(100) DEFAULT NULL,
  `order_status` varchar(100) DEFAULT NULL
) ENGINE=InnoDB DEFAULT CHARSET=utf8;

--
-- Dumping data for table `orders`
--

INSERT INTO `orders` (`id`, `order_id`, `cus_id`, `fullname`, `email`, `product_id`, `quantity`, `shipping_address`, `shipping_pincode`, `contactno`, `order_date`, `payment_method`, `order_status`) VALUES
(5, 3, NULL, 'rat', NULL, '31', 1, '233', '6544', 987764321, '2022-05-05 14:19:35', '', 'Pending'),
(6, 3, NULL, 'rat', NULL, '33', 1, '2334', '6676', 767766677, '2022-05-05 14:46:31', '', 'Pending'),
(7, 3, NULL, 'rat', NULL, '33', 1, '2334', '6676', 767766677, '2022-05-05 14:47:12', '', 'Pending'),
(8, 2, NULL, 'nato', NULL, '33', 2, '123', '730089', 767766677, '2022-05-05 14:53:21', '', 'Delivered'),
(9, 2, NULL, 'nato', NULL, '33', 1, '123', '730089', 986664322, '2022-05-05 14:53:31', '', 'Delivered'),
(10, 4, NULL, 'rin', NULL, '14', 1, '09998', '8765', 888888888, '2022-05-05 14:54:17', '', 'Pending'),
(11, 4, NULL, 'rin', NULL, '33', 2, '09998', '8765', 888888888, '2022-05-05 14:54:17', '', 'Pending'),
(12, 1, NULL, 'lord', NULL, '11', 1, '9999', '8888', 777777777, '2022-04-05 14:57:50', '', 'Delivered'),
(13, 1, NULL, 'lord', NULL, '29', 1, '9999', '8888', 777777777, '2022-04-05 14:57:50', '', 'Delivered'),
(14, 1, NULL, 'lord', NULL, '31', 1, '9999', '8888', 777777777, '2022-04-05 14:57:50', '', 'Delivered'),
(15, 1, NULL, 'lord', NULL, '11', 1, '9999', '8888', 777777777, '2022-04-05 15:01:45', '', 'Pending'),
(16, 1, NULL, 'lord', NULL, '29', 1, '9999', '8888', 777777777, '2022-04-05 15:01:45', '', 'Pending'),
(17, 1, NULL, 'lord', NULL, '31', 1, '9999', '8888', 777777777, '2022-04-05 15:01:45', '', NULL),
(18, 3, NULL, 'rat', NULL, '29', 5, '2334', '6676', 777777777, '2022-05-05 15:08:21', '', NULL),
(19, 1, NULL, 'lord', NULL, '14', 1, '9999', '8888', 777777777, '2022-04-05 15:11:36', '', NULL),
(20, 4, NULL, 'rin', NULL, '32', 1, '09998', '8765', 888888888, '2022-05-05 15:18:09', '', NULL),
(21, 4, NULL, 'rin', NULL, '11', 1, '09998', '8765', 777777777, '2022-05-05 15:24:59', 'COD', NULL),
(22, 4, NULL, 'rin', NULL, '14', 1, '09998', '8765', 777777777, '2022-05-05 15:24:59', 'COD', NULL),
(23, 2, NULL, 'nato', NULL, '32', 1, '123', '730089', 767766677, '2022-05-05 15:52:51', 'Internet Banking', 'Delivered'),
(24, 1, NULL, 'lord', NULL, '13', 1, '9999', '8888', 767766677, '2022-04-05 15:55:04', 'COD', NULL),
(25, 4, NULL, 'rin', NULL, '11', 1, '09998', '8765', 767766677, '2022-05-05 16:01:16', 'COD', NULL),
(26, 3, NULL, 'rat', NULL, '32', 1, '2334', '6676', 986664322, '2022-05-05 16:03:42', 'COD', NULL),
(27, 3, 1, 'rat', NULL, '2', 2, '7732', '59009', 987876653, '2022-05-07 14:10:30', 'Internet Banking', NULL),
(28, 5, 495211, 'Amatsuyu', NULL, '15', 1, 'Lostangle', '730089', 986664322, '2022-05-08 03:16:21', 'COD', 'Delivered'),
(29, 5, 495211, 'Amatsuyu', NULL, '10', 1, 'Lostangle', '730089', 986664322, '2022-05-08 03:18:34', 'Internet Banking', 'Delivered'),
(30, 6, 495211, 'Amatsuyu', NULL, '11', 1, '707 Lostangle', '730089', 986664322, '2022-05-08 03:23:41', 'COD', 'Pending'),
(31, 7, 495211, 'Amatsuyu', NULL, '12', 2, 'Lostangle', '730089', 986664322, '2022-05-08 03:25:37', 'Debit / Credit card', 'Shipping'),
(32, 8, 495211, 'Amatsuyu', NULL, '33', 1, '707 Lostangle', '730089', 986664322, '2022-05-08 03:29:08', 'Debit / Credit card', 'Shipping'),
(33, 9, 495211, 'Amatsuyu', NULL, '31', 1, '707 Lostangle', '730089', 986664322, '2022-05-08 03:30:47', 'Debit / Credit card', 'Pending'),
(34, 9, 495211, 'Amatsuyu', NULL, '34', 2, '707 Lostangle', '730089', 986664322, '2022-05-08 03:30:47', 'Debit / Credit card', 'Pending'),
(35, 10, 495211, 'rat', NULL, '15', 2, '2334', '6676', 986664322, '2022-05-08 03:39:00', 'Internet Banking', 'Pending'),
(36, 10, 495211, 'rat', NULL, '32', 1, '2334', '6676', 986664322, '2022-05-08 03:39:00', 'Internet Banking', 'Pending'),
(37, 11, 495211, 'rin', NULL, '11', 1, '09998', '8765', 767766677, '2022-05-08 04:08:15', 'COD', 'Pending'),
(38, 11, 495211, 'rin', NULL, '33', 1, '09998', '8765', 767766677, '2022-05-08 04:08:15', 'COD', 'Pending'),
(39, 12, 1, 'nato', NULL, '8', 1, '123', '730089', 767766677, '2022-05-08 13:14:00', 'Internet Banking', 'Pending'),
(40, 12, 1, 'nato', NULL, '31', 1, '123', '730089', 767766677, '2022-05-08 13:14:00', 'Internet Banking', 'Pending'),
(41, 12, 1, 'nato', NULL, '34', 1, '123', '730089', 767766677, '2022-05-08 13:14:00', 'Internet Banking', 'Pending'),
(42, 12, 1, 'nato', NULL, '36', 1, '123', '730089', 767766677, '2022-05-08 13:14:00', 'Internet Banking', 'Pending'),
(43, 13, 1, 'Amatsuyu', NULL, '11', 1, '707 Lostangle', '730089', 888888888, '2022-05-08 17:59:25', NULL, 'Pending'),
(44, 14, 610880, 'Amatsuyu', 'amatsuyu99@gmail.com', '34', 2, '707 Lostangle', '730089', 986664322, '2022-05-09 07:44:44', 'Wallet', 'Pending'),
(45, 14, 610880, 'Amatsuyu', 'amatsuyu99@gmail.com', '36', 1, '707 Lostangle', '730089', 986664322, '2022-05-09 07:44:44', 'Wallet', 'Pending'),
(46, 15, 7, 'Amatsuyu', 'amatsuyu99@gmail.com', '12', 1, '707 Lostangle', '730089', 986664322, '2022-05-09 07:55:54', 'Internet Banking', 'Pending'),
(47, 15, 7, 'Amatsuyu', 'amatsuyu99@gmail.com', '14', 1, '707 Lostangle', '730089', 986664322, '2022-05-09 07:55:54', 'Internet Banking', 'Pending'),
(48, 16, 7, 'Amatsuyu ', 'amatsuyu99@gmail.com', '37', 1, '12345', ' 65443', 767766677, '2022-05-09 12:44:08', 'Wallet', 'Pending'),
(49, 17, 7, 'Amatsuyu ', 'amatsuyu99@gmail.com', '37', 1, 'Sahara', '56678 ', 909976544, '2022-05-09 13:03:55', 'Wallet', 'Pending'),
(50, 18, 7, 'Amatsuyu ', 'amatsuyu99@gmail.com', '12', 1, 'Tara', ' 65778', 997885632, '2022-05-09 13:05:42', 'Wallet', 'Pending'),
(51, 19, 7, 'Amatsuyu', 'amatsuyu99@gmail.com', '14', 1, '707 Lostangle', '730089', 909976544, '2022-05-09 13:08:08', 'Wallet', 'Pending'),
(52, 20, 7, 'Amatsuyu', 'amatsuyu99@gmail.com', '33', 2, '707 Lostangle', '730089', 986664322, '2022-05-09 15:07:27', 'Wallet', 'Pending'),
(53, 20, 7, 'Amatsuyu', 'amatsuyu99@gmail.com', '34', 2, '707 Lostangle', '730089', 986664322, '2022-05-09 15:07:27', 'Wallet', 'Pending'),
(54, 20, 7, 'Amatsuyu', 'amatsuyu99@gmail.com', '36', 1, '707 Lostangle', '730089', 986664322, '2022-05-09 15:07:27', 'Wallet', 'Pending'),
(55, 21, 154800, NULL, NULL, '12', 2, NULL, NULL, NULL, '2022-05-10 12:10:18', 'Wallet', 'Pending'),
(56, 21, 154800, NULL, NULL, '36', 1, NULL, NULL, NULL, '2022-05-10 12:10:18', 'Wallet', 'Pending'),
(57, 22, 154800, NULL, NULL, '12', 2, NULL, NULL, NULL, '2022-05-10 12:10:39', 'Wallet', 'Pending'),
(58, 22, 154800, NULL, NULL, '36', 1, NULL, NULL, NULL, '2022-05-10 12:10:39', 'Wallet', 'Pending'),
(59, 23, 154800, NULL, NULL, '12', 2, NULL, NULL, NULL, '2022-05-10 12:10:42', 'Wallet', 'Pending'),
(60, 23, 154800, NULL, NULL, '36', 1, NULL, NULL, NULL, '2022-05-10 12:10:42', 'Wallet', 'Pending'),
(61, 24, 154800, NULL, NULL, '12', 2, NULL, NULL, NULL, '2022-05-10 12:13:50', 'Wallet', 'Pending'),
(62, 24, 154800, NULL, NULL, '36', 1, NULL, NULL, NULL, '2022-05-10 12:13:50', 'Wallet', 'Pending'),
(63, 25, 154800, NULL, NULL, '12', 2, NULL, NULL, NULL, '2022-05-10 12:13:52', 'Wallet', 'Pending'),
(64, 25, 154800, NULL, NULL, '36', 1, NULL, NULL, NULL, '2022-05-10 12:13:52', 'Wallet', 'Pending'),
(65, 26, 154800, NULL, NULL, '12', 2, NULL, NULL, NULL, '2022-05-10 12:13:57', 'Wallet', 'Pending'),
(66, 26, 154800, NULL, NULL, '36', 1, NULL, NULL, NULL, '2022-05-10 12:13:57', 'Wallet', 'Pending'),
(67, 27, 154800, NULL, NULL, '12', 2, NULL, NULL, NULL, '2022-05-10 12:15:13', 'Wallet', 'Pending'),
(68, 27, 154800, NULL, NULL, '36', 1, NULL, NULL, NULL, '2022-05-10 12:15:13', 'Wallet', 'Pending'),
(69, 28, 154800, NULL, NULL, '12', 2, NULL, NULL, NULL, '2022-05-10 12:15:15', 'Wallet', 'Pending'),
(70, 28, 154800, NULL, NULL, '36', 1, NULL, NULL, NULL, '2022-05-10 12:15:15', 'Wallet', 'Pending'),
(71, 29, 154800, NULL, NULL, '12', 2, NULL, NULL, NULL, '2022-05-10 12:15:23', 'Wallet', 'Pending'),
(72, 29, 154800, NULL, NULL, '36', 1, NULL, NULL, NULL, '2022-05-10 12:15:23', 'Wallet', 'Pending'),
(73, 30, 154800, NULL, NULL, '12', 2, NULL, NULL, NULL, '2022-05-10 12:17:46', 'Wallet', 'Pending'),
(74, 30, 154800, NULL, NULL, '36', 1, NULL, NULL, NULL, '2022-05-10 12:17:46', 'Wallet', 'Pending'),
(75, 31, 154800, 'admin_fiw ', 'fiw777@gmail.com', '12', 2, 'กรุงเทพมหานคร', '80110 ', 983738651, '2022-05-10 12:29:49', 'Wallet', 'Pending'),
(76, 31, 154800, 'admin_fiw ', 'fiw777@gmail.com', '36', 1, 'กรุงเทพมหานคร', '80110 ', 983738651, '2022-05-10 12:29:49', 'Wallet', 'Pending'),
(77, 32, 7, 'Amatsuyu ', 'amatsuyu99@gmail.com', '14', 2, '707 Lostangle', '730089 ', 986664322, '2022-05-10 13:24:19', 'Debit / Credit card', 'Shipping'),
(78, 32, 7, 'Amatsuyu ', 'amatsuyu99@gmail.com', '37', 1, '707 Lostangle', '730089 ', 986664322, '2022-05-10 13:24:19', 'Debit / Credit card', 'Shipping');

-- --------------------------------------------------------

--
-- Table structure for table `order_tracking`
--

CREATE TABLE `order_tracking` (
  `id` int(13) NOT NULL,
  `order_id` int(13) DEFAULT NULL,
  `status` varchar(255) DEFAULT NULL,
  `remark` varchar(255) DEFAULT NULL,
  `posting_date` timestamp NOT NULL DEFAULT current_timestamp()
) ENGINE=InnoDB DEFAULT CHARSET=utf8;

--
-- Dumping data for table `order_tracking`
--

INSERT INTO `order_tracking` (`id`, `order_id`, `status`, `remark`, `posting_date`) VALUES
(4, 11, 'Pending', 'waiting', '2022-05-08 06:51:02'),
(5, 11, 'Pending', 'waiting', '2022-05-08 06:53:42'),
(6, 9, 'Pending', 'waiting', '2022-05-08 06:54:29'),
(7, 8, 'Shipping', 'shipping', '2022-05-08 07:12:42'),
(8, 7, 'Shipping', 'shipping', '2022-05-08 07:13:01'),
(9, 6, 'Pending', 'waiting', '2022-05-08 07:13:21'),
(10, 5, 'Delivered', 'Success', '2022-05-08 07:13:39'),
(11, 32, 'Shipping', 'shipping', '2022-05-10 13:27:58');

-- --------------------------------------------------------

--
-- Table structure for table `products`
--

CREATE TABLE `products` (
  `id` int(13) NOT NULL,
  `category` int(13) NOT NULL,
  `brand` varchar(255) DEFAULT NULL,
  `product_name` varchar(255) DEFAULT NULL,
  `product_price` int(13) DEFAULT NULL,
  `product_description` longtext DEFAULT NULL,
  `product_image` varchar(255) DEFAULT NULL,
  `shipping_charge` int(13) DEFAULT NULL,
  `product_availability` int(13) DEFAULT NULL,
  `posting_date` timestamp NULL DEFAULT current_timestamp(),
  `update_date` varchar(255) DEFAULT NULL
) ENGINE=InnoDB DEFAULT CHARSET=utf8;

--
-- Dumping data for table `products`
--

INSERT INTO `products` (`id`, `category`, `brand`, `product_name`, `product_price`, `product_description`, `product_image`, `shipping_charge`, `product_availability`, `posting_date`, `update_date`) VALUES
(7, 1, 'Razer', 'หูฟัง Razer BlackShark V2 Gaming Headphone', 3990, '<div class=\"product-spec-card\" style=\"box-sizing: border-box; -webkit-tap-highlight-color: transparent; border: 0px; margin: 0px; padding: 12px 0px 0px; font-family: sukhumvittadmai, sans-serif; display: flex; justify-content: space-between; color: rgb(27, 27, 27); font-size: 14px;\"><span class=\"title\" style=\"box-sizing: border-box; -webkit-tap-highlight-color: transparent; border: 0px; margin: 0px; padding: 0px; width: 172px;\">ประเภทหูฟัง</span><span class=\"desc\" style=\"box-sizing: border-box; -webkit-tap-highlight-color: transparent; border: 0px; margin: 0px; padding: 0px; width: 696px; font-size: 16px; font-weight: bold;\">หูฟังครอบหู (Over-Ear)</span></div><div class=\"product-spec-card\" style=\"box-sizing: border-box; -webkit-tap-highlight-color: transparent; border: 0px; margin: 0px; padding: 12px 0px 0px; font-family: sukhumvittadmai, sans-serif; display: flex; justify-content: space-between; color: rgb(27, 27, 27); font-size: 14px;\"><span class=\"title\" style=\"box-sizing: border-box; -webkit-tap-highlight-color: transparent; border: 0px; margin: 0px; padding: 0px; width: 172px;\">มีสาย/ไร้สาย</span><span class=\"desc\" style=\"box-sizing: border-box; -webkit-tap-highlight-color: transparent; border: 0px; margin: 0px; padding: 0px; width: 696px; font-size: 16px; font-weight: bold;\">มีสาย</span></div><div class=\"product-spec-card\" style=\"box-sizing: border-box; -webkit-tap-highlight-color: transparent; border: 0px; margin: 0px; padding: 12px 0px 0px; font-family: sukhumvittadmai, sans-serif; display: flex; justify-content: space-between; color: rgb(27, 27, 27); font-size: 14px;\"><span class=\"title\" style=\"box-sizing: border-box; -webkit-tap-highlight-color: transparent; border: 0px; margin: 0px; padding: 0px; width: 172px;\">การเชื่อมต่อหูฟัง (Input)</span><span class=\"desc\" style=\"box-sizing: border-box; -webkit-tap-highlight-color: transparent; border: 0px; margin: 0px; padding: 0px; width: 696px; font-size: 16px; font-weight: bold;\">AUX (3.5mm)</span></div><div class=\"product-spec-card\" style=\"box-sizing: border-box; -webkit-tap-highlight-color: transparent; border: 0px; margin: 0px; padding: 12px 0px 0px; font-family: sukhumvittadmai, sans-serif; display: flex; justify-content: space-between; color: rgb(27, 27, 27); font-size: 14px;\"><span class=\"title\" style=\"box-sizing: border-box; -webkit-tap-highlight-color: transparent; border: 0px; margin: 0px; padding: 0px; width: 172px;\">ไมโครโฟน</span><span class=\"desc\" style=\"box-sizing: border-box; -webkit-tap-highlight-color: transparent; border: 0px; margin: 0px; padding: 0px; width: 696px; font-size: 16px; font-weight: bold;\">มีไมค์</span></div><div class=\"product-spec-card\" style=\"box-sizing: border-box; -webkit-tap-highlight-color: transparent; border: 0px; margin: 0px; padding: 12px 0px 0px; font-family: sukhumvittadmai, sans-serif; display: flex; justify-content: space-between; color: rgb(27, 27, 27); font-size: 14px;\"><span class=\"title\" style=\"box-sizing: border-box; -webkit-tap-highlight-color: transparent; border: 0px; margin: 0px; padding: 0px; width: 172px;\">Headphone Back Type</span><span class=\"desc\" style=\"box-sizing: border-box; -webkit-tap-highlight-color: transparent; border: 0px; margin: 0px; padding: 0px; width: 696px; font-size: 16px; font-weight: bold;\">Closed Back</span></div><div class=\"product-spec-card\" style=\"box-sizing: border-box; -webkit-tap-highlight-color: transparent; border: 0px; margin: 0px; padding: 12px 0px 0px; font-family: sukhumvittadmai, sans-serif; display: flex; justify-content: space-between; color: rgb(27, 27, 27); font-size: 14px;\"><span class=\"title\" style=\"box-sizing: border-box; -webkit-tap-highlight-color: transparent; border: 0px; margin: 0px; padding: 0px; width: 172px;\">ไฟ RGB</span><span class=\"desc\" style=\"box-sizing: border-box; -webkit-tap-highlight-color: transparent; border: 0px; margin: 0px; padding: 0px; width: 696px; font-size: 16px; font-weight: bold;\">มีไฟ</span></div><div class=\"product-spec-card\" style=\"box-sizing: border-box; -webkit-tap-highlight-color: transparent; border: 0px; margin: 0px; padding: 12px 0px 0px; font-family: sukhumvittadmai, sans-serif; display: flex; justify-content: space-between; color: rgb(27, 27, 27); font-size: 14px;\"><span class=\"title\" style=\"box-sizing: border-box; -webkit-tap-highlight-color: transparent; border: 0px; margin: 0px; padding: 0px; width: 172px;\">แพล็ตฟอร์ม</span><span class=\"desc\" style=\"box-sizing: border-box; -webkit-tap-highlight-color: transparent; border: 0px; margin: 0px; padding: 0px; width: 696px; font-size: 16px; font-weight: bold;\">XBOX One, PlayStation 4, Nintendo Switch, Mac, Android, Window, iOS</span></div><div class=\"product-spec-card\" style=\"box-sizing: border-box; -webkit-tap-highlight-color: transparent; border: 0px; margin: 0px; padding: 12px 0px 0px; font-family: sukhumvittadmai, sans-serif; display: flex; justify-content: space-between; color: rgb(27, 27, 27); font-size: 14px;\"><span class=\"title\" style=\"box-sizing: border-box; -webkit-tap-highlight-color: transparent; border: 0px; margin: 0px; padding: 0px; width: 172px;\">อิมพีแดนซ์</span><span class=\"desc\" style=\"box-sizing: border-box; -webkit-tap-highlight-color: transparent; border: 0px; margin: 0px; padding: 0px; width: 696px; font-size: 16px; font-weight: bold;\">32</span></div><div class=\"product-spec-card\" style=\"box-sizing: border-box; -webkit-tap-highlight-color: transparent; border: 0px; margin: 0px; padding: 12px 0px 0px; font-family: sukhumvittadmai, sans-serif; display: flex; justify-content: space-between; color: rgb(27, 27, 27); font-size: 14px;\"><span class=\"title\" style=\"box-sizing: border-box; -webkit-tap-highlight-color: transparent; border: 0px; margin: 0px; padding: 0px; width: 172px;\">การตอบสนองความถี่</span><span class=\"desc\" style=\"box-sizing: border-box; -webkit-tap-highlight-color: transparent; border: 0px; margin: 0px; padding: 0px; width: 696px; font-size: 16px; font-weight: bold;\">12-28000</span></div><div class=\"product-spec-card\" style=\"box-sizing: border-box; -webkit-tap-highlight-color: transparent; border: 0px; margin: 0px; padding: 12px 0px 0px; font-family: sukhumvittadmai, sans-serif; display: flex; justify-content: space-between; color: rgb(27, 27, 27); font-size: 14px;\"><span class=\"title\" style=\"box-sizing: border-box; -webkit-tap-highlight-color: transparent; border: 0px; margin: 0px; padding: 0px; width: 172px;\">ความยาวสาย</span><span class=\"desc\" style=\"box-sizing: border-box; -webkit-tap-highlight-color: transparent; border: 0px; margin: 0px; padding: 0px; width: 696px; font-size: 16px; font-weight: bold;\">1.8 m</span></div>', 'razer-blackshark-v2-gaming-headphone-couragejd-edition-01.jpeg', 0, 4, '2022-04-24 04:09:11', '2022-04-26 01:28:37 PM'),
(8, 1, 'Logitech', 'หูฟัง Logitech G733 Lightspeed Gaming Headphone', 4790, '<div class=\"product-spec-card\" style=\"box-sizing: border-box; -webkit-tap-highlight-color: transparent; border: 0px; margin: 0px; padding: 12px 0px 0px; font-family: sukhumvittadmai, sans-serif; display: flex; justify-content: space-between; color: rgb(27, 27, 27); font-size: 14px;\"><span class=\"title\" style=\"box-sizing: border-box; -webkit-tap-highlight-color: transparent; border: 0px; margin: 0px; padding: 0px; width: 172px;\">ประเภทหูฟัง</span><span class=\"desc\" style=\"box-sizing: border-box; -webkit-tap-highlight-color: transparent; border: 0px; margin: 0px; padding: 0px; width: 696px; font-size: 16px; font-weight: bold;\">หูฟังครอบหู (Over-Ear)</span></div><div class=\"product-spec-card\" style=\"box-sizing: border-box; -webkit-tap-highlight-color: transparent; border: 0px; margin: 0px; padding: 12px 0px 0px; font-family: sukhumvittadmai, sans-serif; display: flex; justify-content: space-between; color: rgb(27, 27, 27); font-size: 14px;\"><span class=\"title\" style=\"box-sizing: border-box; -webkit-tap-highlight-color: transparent; border: 0px; margin: 0px; padding: 0px; width: 172px;\">มีสาย/ไร้สาย</span><span class=\"desc\" style=\"box-sizing: border-box; -webkit-tap-highlight-color: transparent; border: 0px; margin: 0px; padding: 0px; width: 696px; font-size: 16px; font-weight: bold;\">ไร้สาย</span></div><div class=\"product-spec-card\" style=\"box-sizing: border-box; -webkit-tap-highlight-color: transparent; border: 0px; margin: 0px; padding: 12px 0px 0px; font-family: sukhumvittadmai, sans-serif; display: flex; justify-content: space-between; color: rgb(27, 27, 27); font-size: 14px;\"><span class=\"title\" style=\"box-sizing: border-box; -webkit-tap-highlight-color: transparent; border: 0px; margin: 0px; padding: 0px; width: 172px;\">การเชื่อมต่อหูฟัง (Input)</span><span class=\"desc\" style=\"box-sizing: border-box; -webkit-tap-highlight-color: transparent; border: 0px; margin: 0px; padding: 0px; width: 696px; font-size: 16px; font-weight: bold;\">Wireless Low latency, USB-A</span></div><div class=\"product-spec-card\" style=\"box-sizing: border-box; -webkit-tap-highlight-color: transparent; border: 0px; margin: 0px; padding: 12px 0px 0px; font-family: sukhumvittadmai, sans-serif; display: flex; justify-content: space-between; color: rgb(27, 27, 27); font-size: 14px;\"><span class=\"title\" style=\"box-sizing: border-box; -webkit-tap-highlight-color: transparent; border: 0px; margin: 0px; padding: 0px; width: 172px;\">ไมโครโฟน</span><span class=\"desc\" style=\"box-sizing: border-box; -webkit-tap-highlight-color: transparent; border: 0px; margin: 0px; padding: 0px; width: 696px; font-size: 16px; font-weight: bold;\">มีไมค์</span></div><div class=\"product-spec-card\" style=\"box-sizing: border-box; -webkit-tap-highlight-color: transparent; border: 0px; margin: 0px; padding: 12px 0px 0px; font-family: sukhumvittadmai, sans-serif; display: flex; justify-content: space-between; color: rgb(27, 27, 27); font-size: 14px;\"><span class=\"title\" style=\"box-sizing: border-box; -webkit-tap-highlight-color: transparent; border: 0px; margin: 0px; padding: 0px; width: 172px;\">Headphone Back Type</span><span class=\"desc\" style=\"box-sizing: border-box; -webkit-tap-highlight-color: transparent; border: 0px; margin: 0px; padding: 0px; width: 696px; font-size: 16px; font-weight: bold;\">Closed Back</span></div><div class=\"product-spec-card\" style=\"box-sizing: border-box; -webkit-tap-highlight-color: transparent; border: 0px; margin: 0px; padding: 12px 0px 0px; font-family: sukhumvittadmai, sans-serif; display: flex; justify-content: space-between; color: rgb(27, 27, 27); font-size: 14px;\"><span class=\"title\" style=\"box-sizing: border-box; -webkit-tap-highlight-color: transparent; border: 0px; margin: 0px; padding: 0px; width: 172px;\">ไฟ RGB</span><span class=\"desc\" style=\"box-sizing: border-box; -webkit-tap-highlight-color: transparent; border: 0px; margin: 0px; padding: 0px; width: 696px; font-size: 16px; font-weight: bold;\">มีไฟ</span></div><div class=\"product-spec-card\" style=\"box-sizing: border-box; -webkit-tap-highlight-color: transparent; border: 0px; margin: 0px; padding: 12px 0px 0px; font-family: sukhumvittadmai, sans-serif; display: flex; justify-content: space-between; color: rgb(27, 27, 27); font-size: 14px;\"><span class=\"title\" style=\"box-sizing: border-box; -webkit-tap-highlight-color: transparent; border: 0px; margin: 0px; padding: 0px; width: 172px;\">แพล็ตฟอร์ม</span><span class=\"desc\" style=\"box-sizing: border-box; -webkit-tap-highlight-color: transparent; border: 0px; margin: 0px; padding: 0px; width: 696px; font-size: 16px; font-weight: bold;\">Window, Mac</span></div><div class=\"product-spec-card\" style=\"box-sizing: border-box; -webkit-tap-highlight-color: transparent; border: 0px; margin: 0px; padding: 12px 0px 0px; font-family: sukhumvittadmai, sans-serif; display: flex; justify-content: space-between; color: rgb(27, 27, 27); font-size: 14px;\"><span class=\"title\" style=\"box-sizing: border-box; -webkit-tap-highlight-color: transparent; border: 0px; margin: 0px; padding: 0px; width: 172px;\">การตอบสนองความถี่</span><span class=\"desc\" style=\"box-sizing: border-box; -webkit-tap-highlight-color: transparent; border: 0px; margin: 0px; padding: 0px; width: 696px; font-size: 16px; font-weight: bold;\">20 - 20,000 เฮิรตซ์</span></div>', 'logitech-g733-lightspeed-gaming-headphone-white-01.jpeg', 0, 5, '2022-04-24 04:56:22', '2022-04-26 01:28:59 PM'),
(9, 1, 'Asus', 'หูฟัง Asus ROG STRIX F300 Headphone', 3990, '<div class=\"product-spec-card\" style=\"box-sizing: border-box; -webkit-tap-highlight-color: transparent; border: 0px; margin: 0px; padding: 12px 0px 0px; font-family: sukhumvittadmai, sans-serif; display: flex; justify-content: space-between; color: rgb(27, 27, 27); font-size: 14px;\"><span class=\"title\" style=\"box-sizing: border-box; -webkit-tap-highlight-color: transparent; border: 0px; margin: 0px; padding: 0px; width: 172px;\">ประเภทหูฟัง</span><span class=\"desc\" style=\"box-sizing: border-box; -webkit-tap-highlight-color: transparent; border: 0px; margin: 0px; padding: 0px; width: 696px; font-size: 16px; font-weight: bold;\">หูฟังครอบหู (Over-Ear)</span></div><div class=\"product-spec-card\" style=\"box-sizing: border-box; -webkit-tap-highlight-color: transparent; border: 0px; margin: 0px; padding: 12px 0px 0px; font-family: sukhumvittadmai, sans-serif; display: flex; justify-content: space-between; color: rgb(27, 27, 27); font-size: 14px;\"><span class=\"title\" style=\"box-sizing: border-box; -webkit-tap-highlight-color: transparent; border: 0px; margin: 0px; padding: 0px; width: 172px;\">มีสาย/ไร้สาย</span><span class=\"desc\" style=\"box-sizing: border-box; -webkit-tap-highlight-color: transparent; border: 0px; margin: 0px; padding: 0px; width: 696px; font-size: 16px; font-weight: bold;\">มีสาย</span></div><div class=\"product-spec-card\" style=\"box-sizing: border-box; -webkit-tap-highlight-color: transparent; border: 0px; margin: 0px; padding: 12px 0px 0px; font-family: sukhumvittadmai, sans-serif; display: flex; justify-content: space-between; color: rgb(27, 27, 27); font-size: 14px;\"><span class=\"title\" style=\"box-sizing: border-box; -webkit-tap-highlight-color: transparent; border: 0px; margin: 0px; padding: 0px; width: 172px;\">การเชื่อมต่อหูฟัง (Input)</span><span class=\"desc\" style=\"box-sizing: border-box; -webkit-tap-highlight-color: transparent; border: 0px; margin: 0px; padding: 0px; width: 696px; font-size: 16px; font-weight: bold;\">AUX (3.5mm), USB-A</span></div><div class=\"product-spec-card\" style=\"box-sizing: border-box; -webkit-tap-highlight-color: transparent; border: 0px; margin: 0px; padding: 12px 0px 0px; font-family: sukhumvittadmai, sans-serif; display: flex; justify-content: space-between; color: rgb(27, 27, 27); font-size: 14px;\"><span class=\"title\" style=\"box-sizing: border-box; -webkit-tap-highlight-color: transparent; border: 0px; margin: 0px; padding: 0px; width: 172px;\">ไมโครโฟน</span><span class=\"desc\" style=\"box-sizing: border-box; -webkit-tap-highlight-color: transparent; border: 0px; margin: 0px; padding: 0px; width: 696px; font-size: 16px; font-weight: bold;\">มีไมค์</span></div><div class=\"product-spec-card\" style=\"box-sizing: border-box; -webkit-tap-highlight-color: transparent; border: 0px; margin: 0px; padding: 12px 0px 0px; font-family: sukhumvittadmai, sans-serif; display: flex; justify-content: space-between; color: rgb(27, 27, 27); font-size: 14px;\"><span class=\"title\" style=\"box-sizing: border-box; -webkit-tap-highlight-color: transparent; border: 0px; margin: 0px; padding: 0px; width: 172px;\">Headphone Back Type</span><span class=\"desc\" style=\"box-sizing: border-box; -webkit-tap-highlight-color: transparent; border: 0px; margin: 0px; padding: 0px; width: 696px; font-size: 16px; font-weight: bold;\">Closed Back</span></div><div class=\"product-spec-card\" style=\"box-sizing: border-box; -webkit-tap-highlight-color: transparent; border: 0px; margin: 0px; padding: 12px 0px 0px; font-family: sukhumvittadmai, sans-serif; display: flex; justify-content: space-between; color: rgb(27, 27, 27); font-size: 14px;\"><span class=\"title\" style=\"box-sizing: border-box; -webkit-tap-highlight-color: transparent; border: 0px; margin: 0px; padding: 0px; width: 172px;\">ซอฟต์แวร์</span><span class=\"desc\" style=\"box-sizing: border-box; -webkit-tap-highlight-color: transparent; border: 0px; margin: 0px; padding: 0px; width: 696px; font-size: 16px; font-weight: bold;\">มี</span></div><div class=\"product-spec-card\" style=\"box-sizing: border-box; -webkit-tap-highlight-color: transparent; border: 0px; margin: 0px; padding: 12px 0px 0px; font-family: sukhumvittadmai, sans-serif; display: flex; justify-content: space-between; color: rgb(27, 27, 27); font-size: 14px;\"><span class=\"title\" style=\"box-sizing: border-box; -webkit-tap-highlight-color: transparent; border: 0px; margin: 0px; padding: 0px; width: 172px;\">อิมพีแดนซ์</span><span class=\"desc\" style=\"box-sizing: border-box; -webkit-tap-highlight-color: transparent; border: 0px; margin: 0px; padding: 0px; width: 696px; font-size: 16px; font-weight: bold;\">32 โอห์ม</span></div><div class=\"product-spec-card\" style=\"box-sizing: border-box; -webkit-tap-highlight-color: transparent; border: 0px; margin: 0px; padding: 12px 0px 0px; font-family: sukhumvittadmai, sans-serif; display: flex; justify-content: space-between; color: rgb(27, 27, 27); font-size: 14px;\"><span class=\"title\" style=\"box-sizing: border-box; -webkit-tap-highlight-color: transparent; border: 0px; margin: 0px; padding: 0px; width: 172px;\">การตอบสนองความถี่</span><span class=\"desc\" style=\"box-sizing: border-box; -webkit-tap-highlight-color: transparent; border: 0px; margin: 0px; padding: 0px; width: 696px; font-size: 16px; font-weight: bold;\">20 - 20,000 เฮิรตซ์</span></div>', 'asus-rog-strix-f300-headphone-red-01.jpeg', 0, 5, '2022-04-24 04:57:41', '2022-04-26 01:29:17 PM'),
(10, 2, 'Nubwo', 'คีย์บอร์ด Nubwo X30 Terminator Gaming Keyboard', 1490, '<div class=\"product-spec-card\" style=\"box-sizing: border-box; border: 0px; margin: 0px; padding: 12px 0px 0px; font-family: sukhumvittadmai, sans-serif; display: flex; justify-content: space-between; caret-color: rgb(27, 27, 27); color: rgb(27, 27, 27); font-size: 14px;\"><span class=\"title\" style=\"box-sizing: border-box; border: 0px; margin: 0px; padding: 0px; width: 172px;\">มีสาย/ไร้สาย</span><span class=\"desc\" style=\"box-sizing: border-box; border: 0px; margin: 0px; padding: 0px; width: 696px; font-size: 16px; font-weight: bold;\">มีสาย</span></div><div class=\"product-spec-card\" style=\"box-sizing: border-box; border: 0px; margin: 0px; padding: 12px 0px 0px; font-family: sukhumvittadmai, sans-serif; display: flex; justify-content: space-between; caret-color: rgb(27, 27, 27); color: rgb(27, 27, 27); font-size: 14px;\"><span class=\"title\" style=\"box-sizing: border-box; border: 0px; margin: 0px; padding: 0px; width: 172px;\">ประเภทคีย์บอร์ด</span><span class=\"desc\" style=\"box-sizing: border-box; border: 0px; margin: 0px; padding: 0px; width: 696px; font-size: 16px; font-weight: bold;\">Mechanical</span></div><div class=\"product-spec-card\" style=\"box-sizing: border-box; border: 0px; margin: 0px; padding: 12px 0px 0px; font-family: sukhumvittadmai, sans-serif; display: flex; justify-content: space-between; caret-color: rgb(27, 27, 27); color: rgb(27, 27, 27); font-size: 14px;\"><span class=\"title\" style=\"box-sizing: border-box; border: 0px; margin: 0px; padding: 0px; width: 172px;\">ขนาดคีย์บอร์ด</span><span class=\"desc\" style=\"box-sizing: border-box; border: 0px; margin: 0px; padding: 0px; width: 696px; font-size: 16px; font-weight: bold;\">Full-Size</span></div><div class=\"product-spec-card\" style=\"box-sizing: border-box; border: 0px; margin: 0px; padding: 12px 0px 0px; font-family: sukhumvittadmai, sans-serif; display: flex; justify-content: space-between; caret-color: rgb(27, 27, 27); color: rgb(27, 27, 27); font-size: 14px;\"><span class=\"title\" style=\"box-sizing: border-box; border: 0px; margin: 0px; padding: 0px; width: 172px;\">สวิตซ์</span><span class=\"desc\" style=\"box-sizing: border-box; border: 0px; margin: 0px; padding: 0px; width: 696px; font-size: 16px; font-weight: bold;\">Outemu</span></div><div class=\"product-spec-card\" style=\"box-sizing: border-box; border: 0px; margin: 0px; padding: 12px 0px 0px; font-family: sukhumvittadmai, sans-serif; display: flex; justify-content: space-between; caret-color: rgb(27, 27, 27); color: rgb(27, 27, 27); font-size: 14px;\"><span class=\"title\" style=\"box-sizing: border-box; border: 0px; margin: 0px; padding: 0px; width: 172px;\">ประเภทสวิตซ์</span><span class=\"desc\" style=\"box-sizing: border-box; border: 0px; margin: 0px; padding: 0px; width: 696px; font-size: 16px; font-weight: bold;\">Tactile, Linear</span></div><div class=\"product-spec-card\" style=\"box-sizing: border-box; border: 0px; margin: 0px; padding: 12px 0px 0px; font-family: sukhumvittadmai, sans-serif; display: flex; justify-content: space-between; caret-color: rgb(27, 27, 27); color: rgb(27, 27, 27); font-size: 14px;\"><span class=\"title\" style=\"box-sizing: border-box; border: 0px; margin: 0px; padding: 0px; width: 172px;\">เสียง</span><span class=\"desc\" style=\"box-sizing: border-box; border: 0px; margin: 0px; padding: 0px; width: 696px; font-size: 16px; font-weight: bold;\">Clicky, Silent</span></div><div class=\"product-spec-card\" style=\"box-sizing: border-box; border: 0px; margin: 0px; padding: 12px 0px 0px; font-family: sukhumvittadmai, sans-serif; display: flex; justify-content: space-between; caret-color: rgb(27, 27, 27); color: rgb(27, 27, 27); font-size: 14px;\"><span class=\"title\" style=\"box-sizing: border-box; border: 0px; margin: 0px; padding: 0px; width: 172px;\">มาโคร</span><span class=\"desc\" style=\"box-sizing: border-box; border: 0px; margin: 0px; padding: 0px; width: 696px; font-size: 16px; font-weight: bold;\">มี</span></div><div class=\"product-spec-card\" style=\"box-sizing: border-box; border: 0px; margin: 0px; padding: 12px 0px 0px; font-family: sukhumvittadmai, sans-serif; display: flex; justify-content: space-between; caret-color: rgb(27, 27, 27); color: rgb(27, 27, 27); font-size: 14px;\"><span class=\"title\" style=\"box-sizing: border-box; border: 0px; margin: 0px; padding: 0px; width: 172px;\">ซอฟต์แวร์</span><span class=\"desc\" style=\"box-sizing: border-box; border: 0px; margin: 0px; padding: 0px; width: 696px; font-size: 16px; font-weight: bold;\">มี</span></div><div class=\"product-spec-card\" style=\"box-sizing: border-box; border: 0px; margin: 0px; padding: 12px 0px 0px; font-family: sukhumvittadmai, sans-serif; display: flex; justify-content: space-between; caret-color: rgb(27, 27, 27); color: rgb(27, 27, 27); font-size: 14px;\"><span class=\"title\" style=\"box-sizing: border-box; border: 0px; margin: 0px; padding: 0px; width: 172px;\">ไฟ RGB</span><span class=\"desc\" style=\"box-sizing: border-box; border: 0px; margin: 0px; padding: 0px; width: 696px; font-size: 16px; font-weight: bold;\">มีไฟ</span></div><div class=\"product-spec-card\" style=\"box-sizing: border-box; border: 0px; margin: 0px; padding: 12px 0px 0px; font-family: sukhumvittadmai, sans-serif; display: flex; justify-content: space-between; caret-color: rgb(27, 27, 27); color: rgb(27, 27, 27); font-size: 14px;\"><span class=\"title\" style=\"box-sizing: border-box; border: 0px; margin: 0px; padding: 0px; width: 172px;\">สีสวิทซ์</span><span class=\"desc\" style=\"box-sizing: border-box; border: 0px; margin: 0px; padding: 0px; width: 696px; font-size: 16px; font-weight: bold;\">Red, Blue</span></div>', '7-คีย์บอร์ด-Nubwo-X30-Terminator-Gaming-Keyboard.jpeg', 0, 5, '2022-04-24 06:19:26', '2022-04-26 01:29:35 PM'),
(11, 2, 'Glorious', 'คีย์บอร์ด Glorious GMMK PRO Pre-Built ANSI Set', 12990, '<div class=\"product-spec-card\" style=\"box-sizing: border-box; border: 0px; margin: 0px; padding: 12px 0px 0px; font-family: sukhumvittadmai, sans-serif; display: flex; justify-content: space-between; caret-color: rgb(27, 27, 27); color: rgb(27, 27, 27); font-size: 14px;\"><span class=\"title\" style=\"box-sizing: border-box; border: 0px; margin: 0px; padding: 0px; width: 172px;\">มีสาย/ไร้สาย</span><span class=\"desc\" style=\"box-sizing: border-box; border: 0px; margin: 0px; padding: 0px; width: 696px; font-size: 16px; font-weight: bold;\">มีสาย</span></div><div class=\"product-spec-card\" style=\"box-sizing: border-box; border: 0px; margin: 0px; padding: 12px 0px 0px; font-family: sukhumvittadmai, sans-serif; display: flex; justify-content: space-between; caret-color: rgb(27, 27, 27); color: rgb(27, 27, 27); font-size: 14px;\"><span class=\"title\" style=\"box-sizing: border-box; border: 0px; margin: 0px; padding: 0px; width: 172px;\">ประเภทคีย์บอร์ด</span><span class=\"desc\" style=\"box-sizing: border-box; border: 0px; margin: 0px; padding: 0px; width: 696px; font-size: 16px; font-weight: bold;\">Mechanical</span></div><div class=\"product-spec-card\" style=\"box-sizing: border-box; border: 0px; margin: 0px; padding: 12px 0px 0px; font-family: sukhumvittadmai, sans-serif; display: flex; justify-content: space-between; caret-color: rgb(27, 27, 27); color: rgb(27, 27, 27); font-size: 14px;\"><span class=\"title\" style=\"box-sizing: border-box; border: 0px; margin: 0px; padding: 0px; width: 172px;\">ขนาดคีย์บอร์ด</span><span class=\"desc\" style=\"box-sizing: border-box; border: 0px; margin: 0px; padding: 0px; width: 696px; font-size: 16px; font-weight: bold;\">75%</span></div><div class=\"product-spec-card\" style=\"box-sizing: border-box; border: 0px; margin: 0px; padding: 12px 0px 0px; font-family: sukhumvittadmai, sans-serif; display: flex; justify-content: space-between; caret-color: rgb(27, 27, 27); color: rgb(27, 27, 27); font-size: 14px;\"><span class=\"title\" style=\"box-sizing: border-box; border: 0px; margin: 0px; padding: 0px; width: 172px;\">ประเภทสวิตซ์</span><span class=\"desc\" style=\"box-sizing: border-box; border: 0px; margin: 0px; padding: 0px; width: 696px; font-size: 16px; font-weight: bold;\">Linear</span></div><div class=\"product-spec-card\" style=\"box-sizing: border-box; border: 0px; margin: 0px; padding: 12px 0px 0px; font-family: sukhumvittadmai, sans-serif; display: flex; justify-content: space-between; caret-color: rgb(27, 27, 27); color: rgb(27, 27, 27); font-size: 14px;\"><span class=\"title\" style=\"box-sizing: border-box; border: 0px; margin: 0px; padding: 0px; width: 172px;\">ซอฟต์แวร์</span><span class=\"desc\" style=\"box-sizing: border-box; border: 0px; margin: 0px; padding: 0px; width: 696px; font-size: 16px; font-weight: bold;\">มี</span></div><div class=\"product-spec-card\" style=\"box-sizing: border-box; border: 0px; margin: 0px; padding: 12px 0px 0px; font-family: sukhumvittadmai, sans-serif; display: flex; justify-content: space-between; caret-color: rgb(27, 27, 27); color: rgb(27, 27, 27); font-size: 14px;\"><span class=\"title\" style=\"box-sizing: border-box; border: 0px; margin: 0px; padding: 0px; width: 172px;\">ไฟ RGB</span><span class=\"desc\" style=\"box-sizing: border-box; border: 0px; margin: 0px; padding: 0px; width: 696px; font-size: 16px; font-weight: bold;\">มีไฟ</span></div><div class=\"product-spec-card\" style=\"box-sizing: border-box; border: 0px; margin: 0px; padding: 12px 0px 0px; font-family: sukhumvittadmai, sans-serif; display: flex; justify-content: space-between; caret-color: rgb(27, 27, 27); color: rgb(27, 27, 27); font-size: 14px;\"><span class=\"title\" style=\"box-sizing: border-box; border: 0px; margin: 0px; padding: 0px; width: 172px;\">การเชื่อมต่อ</span><span class=\"desc\" style=\"box-sizing: border-box; border: 0px; margin: 0px; padding: 0px; width: 696px; font-size: 16px; font-weight: bold;\">Wired</span></div>', 'glorious-gmmk-pro-pre-built-ansi-set-top-others.jpg', 0, 5, '2022-04-24 06:21:03', '2022-04-26 01:29:52 PM'),
(12, 2, 'Akko', 'คีย์บอร์ด Akko 3098B Prunus Lannesiana Multi-modes Wireless Mechanical Keyboard', 3290, '<div class=\"product-spec-card\" style=\"box-sizing: border-box; border: 0px; margin: 0px; padding: 12px 0px 0px; font-family: sukhumvittadmai, sans-serif; display: flex; justify-content: space-between; caret-color: rgb(27, 27, 27); color: rgb(27, 27, 27); font-size: 14px;\"><span class=\"title\" style=\"box-sizing: border-box; border: 0px; margin: 0px; padding: 0px; width: 172px;\">มีสาย/ไร้สาย</span><span class=\"desc\" style=\"box-sizing: border-box; border: 0px; margin: 0px; padding: 0px; width: 696px; font-size: 16px; font-weight: bold;\">ไร้สาย</span></div><div class=\"product-spec-card\" style=\"box-sizing: border-box; border: 0px; margin: 0px; padding: 12px 0px 0px; font-family: sukhumvittadmai, sans-serif; display: flex; justify-content: space-between; caret-color: rgb(27, 27, 27); color: rgb(27, 27, 27); font-size: 14px;\"><span class=\"title\" style=\"box-sizing: border-box; border: 0px; margin: 0px; padding: 0px; width: 172px;\">ประเภทคีย์บอร์ด</span><span class=\"desc\" style=\"box-sizing: border-box; border: 0px; margin: 0px; padding: 0px; width: 696px; font-size: 16px; font-weight: bold;\">Mechanical</span></div><div class=\"product-spec-card\" style=\"box-sizing: border-box; border: 0px; margin: 0px; padding: 12px 0px 0px; font-family: sukhumvittadmai, sans-serif; display: flex; justify-content: space-between; caret-color: rgb(27, 27, 27); color: rgb(27, 27, 27); font-size: 14px;\"><span class=\"title\" style=\"box-sizing: border-box; border: 0px; margin: 0px; padding: 0px; width: 172px;\">สวิตซ์</span><span class=\"desc\" style=\"box-sizing: border-box; border: 0px; margin: 0px; padding: 0px; width: 696px; font-size: 16px; font-weight: bold;\">Akko</span></div><div class=\"product-spec-card\" style=\"box-sizing: border-box; border: 0px; margin: 0px; padding: 12px 0px 0px; font-family: sukhumvittadmai, sans-serif; display: flex; justify-content: space-between; caret-color: rgb(27, 27, 27); color: rgb(27, 27, 27); font-size: 14px;\"><span class=\"title\" style=\"box-sizing: border-box; border: 0px; margin: 0px; padding: 0px; width: 172px;\">มาโคร</span><span class=\"desc\" style=\"box-sizing: border-box; border: 0px; margin: 0px; padding: 0px; width: 696px; font-size: 16px; font-weight: bold;\">มี</span></div><div class=\"product-spec-card\" style=\"box-sizing: border-box; border: 0px; margin: 0px; padding: 12px 0px 0px; font-family: sukhumvittadmai, sans-serif; display: flex; justify-content: space-between; caret-color: rgb(27, 27, 27); color: rgb(27, 27, 27); font-size: 14px;\"><span class=\"title\" style=\"box-sizing: border-box; border: 0px; margin: 0px; padding: 0px; width: 172px;\">ไฟ RGB</span><span class=\"desc\" style=\"box-sizing: border-box; border: 0px; margin: 0px; padding: 0px; width: 696px; font-size: 16px; font-weight: bold;\">มีไฟ</span></div><div class=\"product-spec-card\" style=\"box-sizing: border-box; border: 0px; margin: 0px; padding: 12px 0px 0px; font-family: sukhumvittadmai, sans-serif; display: flex; justify-content: space-between; caret-color: rgb(27, 27, 27); color: rgb(27, 27, 27); font-size: 14px;\"><span class=\"title\" style=\"box-sizing: border-box; border: 0px; margin: 0px; padding: 0px; width: 172px;\">วัสดุคีย์แคป</span><span class=\"desc\" style=\"box-sizing: border-box; border: 0px; margin: 0px; padding: 0px; width: 696px; font-size: 16px; font-weight: bold;\">PBT</span></div><div class=\"product-spec-card\" style=\"box-sizing: border-box; border: 0px; margin: 0px; padding: 12px 0px 0px; font-family: sukhumvittadmai, sans-serif; display: flex; justify-content: space-between; caret-color: rgb(27, 27, 27); color: rgb(27, 27, 27); font-size: 14px;\"><span class=\"title\" style=\"box-sizing: border-box; border: 0px; margin: 0px; padding: 0px; width: 172px;\">ขนาด</span><span class=\"desc\" style=\"box-sizing: border-box; border: 0px; margin: 0px; padding: 0px; width: 696px; font-size: 16px; font-weight: bold;\">382 x 134 x 40 มม.</span></div><div class=\"product-spec-card\" style=\"box-sizing: border-box; border: 0px; margin: 0px; padding: 12px 0px 0px; font-family: sukhumvittadmai, sans-serif; display: flex; justify-content: space-between; caret-color: rgb(27, 27, 27); color: rgb(27, 27, 27); font-size: 14px;\"><span class=\"title\" style=\"box-sizing: border-box; border: 0px; margin: 0px; padding: 0px; width: 172px;\">น้ำหนัก</span><span class=\"desc\" style=\"box-sizing: border-box; border: 0px; margin: 0px; padding: 0px; width: 696px; font-size: 16px; font-weight: bold;\">1.1 กก.</span></div>', '12-คีย์บอร์ด-Akko-3098B-Prunus-Lannesiana-Multi-modes-Wireless-Mechanical-Keyboard.jpg', 0, 5, '2022-04-24 06:22:26', '2022-04-26 01:30:24 PM'),
(13, 3, 'Glorious', 'เมาส์ไร้สาย Glorious Model O Wireless Gaming Mouse', 3290, '<div class=\"product-spec-card\" style=\"box-sizing: border-box; border: 0px; margin: 0px; padding: 12px 0px 0px; font-family: sukhumvittadmai, sans-serif; display: flex; justify-content: space-between; caret-color: rgb(27, 27, 27); color: rgb(27, 27, 27); font-size: 14px;\"><span class=\"title\" style=\"box-sizing: border-box; border: 0px; margin: 0px; padding: 0px; width: 172px;\">มีสาย/ไร้สาย</span><span class=\"desc\" style=\"box-sizing: border-box; border: 0px; margin: 0px; padding: 0px; width: 696px; font-size: 16px; font-weight: bold;\">ไร้สาย</span></div><div class=\"product-spec-card\" style=\"box-sizing: border-box; border: 0px; margin: 0px; padding: 12px 0px 0px; font-family: sukhumvittadmai, sans-serif; display: flex; justify-content: space-between; caret-color: rgb(27, 27, 27); color: rgb(27, 27, 27); font-size: 14px;\"><span class=\"title\" style=\"box-sizing: border-box; border: 0px; margin: 0px; padding: 0px; width: 172px;\">มาโคร</span><span class=\"desc\" style=\"box-sizing: border-box; border: 0px; margin: 0px; padding: 0px; width: 696px; font-size: 16px; font-weight: bold;\">มี</span></div><div class=\"product-spec-card\" style=\"box-sizing: border-box; border: 0px; margin: 0px; padding: 12px 0px 0px; font-family: sukhumvittadmai, sans-serif; display: flex; justify-content: space-between; caret-color: rgb(27, 27, 27); color: rgb(27, 27, 27); font-size: 14px;\"><span class=\"title\" style=\"box-sizing: border-box; border: 0px; margin: 0px; padding: 0px; width: 172px;\">ซอฟต์แวร์</span><span class=\"desc\" style=\"box-sizing: border-box; border: 0px; margin: 0px; padding: 0px; width: 696px; font-size: 16px; font-weight: bold;\">มี</span></div><div class=\"product-spec-card\" style=\"box-sizing: border-box; border: 0px; margin: 0px; padding: 12px 0px 0px; font-family: sukhumvittadmai, sans-serif; display: flex; justify-content: space-between; caret-color: rgb(27, 27, 27); color: rgb(27, 27, 27); font-size: 14px;\"><span class=\"title\" style=\"box-sizing: border-box; border: 0px; margin: 0px; padding: 0px; width: 172px;\">ไฟ RGB</span><span class=\"desc\" style=\"box-sizing: border-box; border: 0px; margin: 0px; padding: 0px; width: 696px; font-size: 16px; font-weight: bold;\">มีไฟ</span></div><div class=\"product-spec-card\" style=\"box-sizing: border-box; border: 0px; margin: 0px; padding: 12px 0px 0px; font-family: sukhumvittadmai, sans-serif; display: flex; justify-content: space-between; caret-color: rgb(27, 27, 27); color: rgb(27, 27, 27); font-size: 14px;\"><span class=\"title\" style=\"box-sizing: border-box; border: 0px; margin: 0px; padding: 0px; width: 172px;\">Preferred Hand</span><span class=\"desc\" style=\"box-sizing: border-box; border: 0px; margin: 0px; padding: 0px; width: 696px; font-size: 16px; font-weight: bold;\">Right-Handed</span></div><div class=\"product-spec-card\" style=\"box-sizing: border-box; border: 0px; margin: 0px; padding: 12px 0px 0px; font-family: sukhumvittadmai, sans-serif; display: flex; justify-content: space-between; caret-color: rgb(27, 27, 27); color: rgb(27, 27, 27); font-size: 14px;\"><span class=\"title\" style=\"box-sizing: border-box; border: 0px; margin: 0px; padding: 0px; width: 172px;\">Sensor</span><span class=\"desc\" style=\"box-sizing: border-box; border: 0px; margin: 0px; padding: 0px; width: 696px; font-size: 16px; font-weight: bold;\">Optical</span></div><div class=\"product-spec-card\" style=\"box-sizing: border-box; border: 0px; margin: 0px; padding: 12px 0px 0px; font-family: sukhumvittadmai, sans-serif; display: flex; justify-content: space-between; caret-color: rgb(27, 27, 27); color: rgb(27, 27, 27); font-size: 14px;\"><span class=\"title\" style=\"box-sizing: border-box; border: 0px; margin: 0px; padding: 0px; width: 172px;\">ประเภทสวิตซ์</span><span class=\"desc\" style=\"box-sizing: border-box; border: 0px; margin: 0px; padding: 0px; width: 696px; font-size: 16px; font-weight: bold;\">Omron</span></div><div class=\"product-spec-card\" style=\"box-sizing: border-box; border: 0px; margin: 0px; padding: 12px 0px 0px; font-family: sukhumvittadmai, sans-serif; display: flex; justify-content: space-between; caret-color: rgb(27, 27, 27); color: rgb(27, 27, 27); font-size: 14px;\"><span class=\"title\" style=\"box-sizing: border-box; border: 0px; margin: 0px; padding: 0px; width: 172px;\">รูปแบบการจับเมาส์</span><span class=\"desc\" style=\"box-sizing: border-box; border: 0px; margin: 0px; padding: 0px; width: 696px; font-size: 16px; font-weight: bold;\">Fingertip Grip, Claw Grip, Palm Grip</span></div><div class=\"product-spec-card\" style=\"box-sizing: border-box; border: 0px; margin: 0px; padding: 12px 0px 0px; font-family: sukhumvittadmai, sans-serif; display: flex; justify-content: space-between; caret-color: rgb(27, 27, 27); color: rgb(27, 27, 27); font-size: 14px;\"><span class=\"title\" style=\"box-sizing: border-box; border: 0px; margin: 0px; padding: 0px; width: 172px;\">ความไวเมาส์</span><span class=\"desc\" style=\"box-sizing: border-box; border: 0px; margin: 0px; padding: 0px; width: 696px; font-size: 16px; font-weight: bold;\">19,000 DPI</span></div>', '1-เมาส์ไร้สาย-Glorious-Model-O-Wireless-Gaming-Mouse.jpg', 0, 5, '2022-04-24 06:25:04', '2022-04-26 01:30:39 PM'),
(14, 3, 'Razer', 'เมาส์ไร้สาย Razer Naga Pro Wireless Gaming Mouse', 4990, '<div class=\"product-spec-card\" style=\"box-sizing: border-box; border: 0px; margin: 0px; padding: 12px 0px 0px; font-family: sukhumvittadmai, sans-serif; display: flex; justify-content: space-between; caret-color: rgb(27, 27, 27); color: rgb(27, 27, 27); font-size: 14px;\"><span class=\"title\" style=\"box-sizing: border-box; border: 0px; margin: 0px; padding: 0px; width: 172px;\">มีสาย/ไร้สาย</span><span class=\"desc\" style=\"box-sizing: border-box; border: 0px; margin: 0px; padding: 0px; width: 696px; font-size: 16px; font-weight: bold;\">ไร้สาย</span></div><div class=\"product-spec-card\" style=\"box-sizing: border-box; border: 0px; margin: 0px; padding: 12px 0px 0px; font-family: sukhumvittadmai, sans-serif; display: flex; justify-content: space-between; caret-color: rgb(27, 27, 27); color: rgb(27, 27, 27); font-size: 14px;\"><span class=\"title\" style=\"box-sizing: border-box; border: 0px; margin: 0px; padding: 0px; width: 172px;\">มาโคร</span><span class=\"desc\" style=\"box-sizing: border-box; border: 0px; margin: 0px; padding: 0px; width: 696px; font-size: 16px; font-weight: bold;\">มี</span></div><div class=\"product-spec-card\" style=\"box-sizing: border-box; border: 0px; margin: 0px; padding: 12px 0px 0px; font-family: sukhumvittadmai, sans-serif; display: flex; justify-content: space-between; caret-color: rgb(27, 27, 27); color: rgb(27, 27, 27); font-size: 14px;\"><span class=\"title\" style=\"box-sizing: border-box; border: 0px; margin: 0px; padding: 0px; width: 172px;\">ซอฟต์แวร์</span><span class=\"desc\" style=\"box-sizing: border-box; border: 0px; margin: 0px; padding: 0px; width: 696px; font-size: 16px; font-weight: bold;\">มี</span></div><div class=\"product-spec-card\" style=\"box-sizing: border-box; border: 0px; margin: 0px; padding: 12px 0px 0px; font-family: sukhumvittadmai, sans-serif; display: flex; justify-content: space-between; caret-color: rgb(27, 27, 27); color: rgb(27, 27, 27); font-size: 14px;\"><span class=\"title\" style=\"box-sizing: border-box; border: 0px; margin: 0px; padding: 0px; width: 172px;\">ไฟ RGB</span><span class=\"desc\" style=\"box-sizing: border-box; border: 0px; margin: 0px; padding: 0px; width: 696px; font-size: 16px; font-weight: bold;\">ไม่มีไฟ</span></div><div class=\"product-spec-card\" style=\"box-sizing: border-box; border: 0px; margin: 0px; padding: 12px 0px 0px; font-family: sukhumvittadmai, sans-serif; display: flex; justify-content: space-between; caret-color: rgb(27, 27, 27); color: rgb(27, 27, 27); font-size: 14px;\"><span class=\"title\" style=\"box-sizing: border-box; border: 0px; margin: 0px; padding: 0px; width: 172px;\">Preferred Hand</span><span class=\"desc\" style=\"box-sizing: border-box; border: 0px; margin: 0px; padding: 0px; width: 696px; font-size: 16px; font-weight: bold;\">Right-Handed</span></div><div class=\"product-spec-card\" style=\"box-sizing: border-box; border: 0px; margin: 0px; padding: 12px 0px 0px; font-family: sukhumvittadmai, sans-serif; display: flex; justify-content: space-between; caret-color: rgb(27, 27, 27); color: rgb(27, 27, 27); font-size: 14px;\"><span class=\"title\" style=\"box-sizing: border-box; border: 0px; margin: 0px; padding: 0px; width: 172px;\">Sensor</span><span class=\"desc\" style=\"box-sizing: border-box; border: 0px; margin: 0px; padding: 0px; width: 696px; font-size: 16px; font-weight: bold;\">Optical</span></div><div class=\"product-spec-card\" style=\"box-sizing: border-box; border: 0px; margin: 0px; padding: 12px 0px 0px; font-family: sukhumvittadmai, sans-serif; display: flex; justify-content: space-between; caret-color: rgb(27, 27, 27); color: rgb(27, 27, 27); font-size: 14px;\"><span class=\"title\" style=\"box-sizing: border-box; border: 0px; margin: 0px; padding: 0px; width: 172px;\">ประเภทสวิตซ์</span><span class=\"desc\" style=\"box-sizing: border-box; border: 0px; margin: 0px; padding: 0px; width: 696px; font-size: 16px; font-weight: bold;\">Razer</span></div><div class=\"product-spec-card\" style=\"box-sizing: border-box; border: 0px; margin: 0px; padding: 12px 0px 0px; font-family: sukhumvittadmai, sans-serif; display: flex; justify-content: space-between; caret-color: rgb(27, 27, 27); color: rgb(27, 27, 27); font-size: 14px;\"><span class=\"title\" style=\"box-sizing: border-box; border: 0px; margin: 0px; padding: 0px; width: 172px;\">รูปแบบการจับเมาส์</span><span class=\"desc\" style=\"box-sizing: border-box; border: 0px; margin: 0px; padding: 0px; width: 696px; font-size: 16px; font-weight: bold;\">Claw Grip, Palm Grip</span></div><div class=\"product-spec-card\" style=\"box-sizing: border-box; border: 0px; margin: 0px; padding: 12px 0px 0px; font-family: sukhumvittadmai, sans-serif; display: flex; justify-content: space-between; caret-color: rgb(27, 27, 27); color: rgb(27, 27, 27); font-size: 14px;\"><span class=\"title\" style=\"box-sizing: border-box; border: 0px; margin: 0px; padding: 0px; width: 172px;\">ความไวเมาส์</span><span class=\"desc\" style=\"box-sizing: border-box; border: 0px; margin: 0px; padding: 0px; width: 696px; font-size: 16px; font-weight: bold;\">20,000 DPI</span></div>', 'Naga-Pro-1.jpg', 0, 5, '2022-04-24 06:26:11', '2022-04-26 01:31:00 PM'),
(15, 3, 'HyperX', 'เมาส์ HyperX Pulsefire Raid Gaming Mouse', 1490, '<div class=\"product-spec-card\" style=\"box-sizing: border-box; border: 0px; margin: 0px; padding: 12px 0px 0px; font-family: sukhumvittadmai, sans-serif; display: flex; justify-content: space-between; caret-color: rgb(27, 27, 27); color: rgb(27, 27, 27); font-size: 14px;\"><span class=\"title\" style=\"box-sizing: border-box; border: 0px; margin: 0px; padding: 0px; width: 172px;\">มีสาย/ไร้สาย</span><span class=\"desc\" style=\"box-sizing: border-box; border: 0px; margin: 0px; padding: 0px; width: 696px; font-size: 16px; font-weight: bold;\">มีสาย</span></div><div class=\"product-spec-card\" style=\"box-sizing: border-box; border: 0px; margin: 0px; padding: 12px 0px 0px; font-family: sukhumvittadmai, sans-serif; display: flex; justify-content: space-between; caret-color: rgb(27, 27, 27); color: rgb(27, 27, 27); font-size: 14px;\"><span class=\"title\" style=\"box-sizing: border-box; border: 0px; margin: 0px; padding: 0px; width: 172px;\">มาโคร</span><span class=\"desc\" style=\"box-sizing: border-box; border: 0px; margin: 0px; padding: 0px; width: 696px; font-size: 16px; font-weight: bold;\">มี</span></div><div class=\"product-spec-card\" style=\"box-sizing: border-box; border: 0px; margin: 0px; padding: 12px 0px 0px; font-family: sukhumvittadmai, sans-serif; display: flex; justify-content: space-between; caret-color: rgb(27, 27, 27); color: rgb(27, 27, 27); font-size: 14px;\"><span class=\"title\" style=\"box-sizing: border-box; border: 0px; margin: 0px; padding: 0px; width: 172px;\">ซอฟต์แวร์</span><span class=\"desc\" style=\"box-sizing: border-box; border: 0px; margin: 0px; padding: 0px; width: 696px; font-size: 16px; font-weight: bold;\">มี</span></div><div class=\"product-spec-card\" style=\"box-sizing: border-box; border: 0px; margin: 0px; padding: 12px 0px 0px; font-family: sukhumvittadmai, sans-serif; display: flex; justify-content: space-between; caret-color: rgb(27, 27, 27); color: rgb(27, 27, 27); font-size: 14px;\"><span class=\"title\" style=\"box-sizing: border-box; border: 0px; margin: 0px; padding: 0px; width: 172px;\">ไฟ RGB</span><span class=\"desc\" style=\"box-sizing: border-box; border: 0px; margin: 0px; padding: 0px; width: 696px; font-size: 16px; font-weight: bold;\">มีไฟ</span></div><div class=\"product-spec-card\" style=\"box-sizing: border-box; border: 0px; margin: 0px; padding: 12px 0px 0px; font-family: sukhumvittadmai, sans-serif; display: flex; justify-content: space-between; caret-color: rgb(27, 27, 27); color: rgb(27, 27, 27); font-size: 14px;\"><span class=\"title\" style=\"box-sizing: border-box; border: 0px; margin: 0px; padding: 0px; width: 172px;\">Preferred Hand</span><span class=\"desc\" style=\"box-sizing: border-box; border: 0px; margin: 0px; padding: 0px; width: 696px; font-size: 16px; font-weight: bold;\">Right-Handed</span></div><div class=\"product-spec-card\" style=\"box-sizing: border-box; border: 0px; margin: 0px; padding: 12px 0px 0px; font-family: sukhumvittadmai, sans-serif; display: flex; justify-content: space-between; caret-color: rgb(27, 27, 27); color: rgb(27, 27, 27); font-size: 14px;\"><span class=\"title\" style=\"box-sizing: border-box; border: 0px; margin: 0px; padding: 0px; width: 172px;\">Sensor</span><span class=\"desc\" style=\"box-sizing: border-box; border: 0px; margin: 0px; padding: 0px; width: 696px; font-size: 16px; font-weight: bold;\">Optical</span></div><div class=\"product-spec-card\" style=\"box-sizing: border-box; border: 0px; margin: 0px; padding: 12px 0px 0px; font-family: sukhumvittadmai, sans-serif; display: flex; justify-content: space-between; caret-color: rgb(27, 27, 27); color: rgb(27, 27, 27); font-size: 14px;\"><span class=\"title\" style=\"box-sizing: border-box; border: 0px; margin: 0px; padding: 0px; width: 172px;\">ประเภทสวิตซ์</span><span class=\"desc\" style=\"box-sizing: border-box; border: 0px; margin: 0px; padding: 0px; width: 696px; font-size: 16px; font-weight: bold;\">Omron</span></div><div class=\"product-spec-card\" style=\"box-sizing: border-box; border: 0px; margin: 0px; padding: 12px 0px 0px; font-family: sukhumvittadmai, sans-serif; display: flex; justify-content: space-between; caret-color: rgb(27, 27, 27); color: rgb(27, 27, 27); font-size: 14px;\"><span class=\"title\" style=\"box-sizing: border-box; border: 0px; margin: 0px; padding: 0px; width: 172px;\">ความไวเมาส์</span><span class=\"desc\" style=\"box-sizing: border-box; border: 0px; margin: 0px; padding: 0px; width: 696px; font-size: 16px; font-weight: bold;\">สูงสุด 16000 DPI</span></div>', 'HyperX Pulsefire Raid Gaming Mouse.jpg', 0, 5, '2022-04-24 06:27:51', '2022-04-26 01:33:07 PM'),
(16, 4, 'Neolution', 'เก้าอี้เล่นเกม Neolution E-sport Newtron G920 Economy Gaming Chair', 2590, '<br>', '20-เก้าอี้เล่นเกม-Neolution-E-sport-Newtron-G920-Economy-Gaming-Chair.jpg', 0, 5, '2022-04-24 06:30:30', '2022-04-26 01:34:39 PM'),
(17, 4, 'Razer', 'เก้าอี้เล่นเกม Razer Iskur Premium Gaming Chair', 15900, '<div class=\"product-spec-card\" style=\"box-sizing: border-box; border: 0px; margin: 0px; padding: 12px 0px 0px; font-family: sukhumvittadmai, sans-serif; display: flex; justify-content: space-between; caret-color: rgb(27, 27, 27); color: rgb(27, 27, 27); font-size: 14px;\"><span class=\"title\" style=\"box-sizing: border-box; border: 0px; margin: 0px; padding: 0px; width: 172px;\">ฟีเจอร์พิเศษ</span><span class=\"desc\" style=\"box-sizing: border-box; border: 0px; margin: 0px; padding: 0px; width: 696px; font-size: 16px; font-weight: bold;\">การช่วยพยุงหลัง</span></div><div class=\"product-spec-card\" style=\"box-sizing: border-box; border: 0px; margin: 0px; padding: 12px 0px 0px; font-family: sukhumvittadmai, sans-serif; display: flex; justify-content: space-between; caret-color: rgb(27, 27, 27); color: rgb(27, 27, 27); font-size: 14px;\"><span class=\"title\" style=\"box-sizing: border-box; border: 0px; margin: 0px; padding: 0px; width: 172px;\">วัสดุหุ้มเบาะ</span><span class=\"desc\" style=\"box-sizing: border-box; border: 0px; margin: 0px; padding: 0px; width: 696px; font-size: 16px; font-weight: bold;\">หนังเทียม</span></div>', 'Razer-Iskur-Premium-Gaming-Chair.jpg', 0, 5, '2022-04-24 06:32:36', '2022-04-26 01:34:51 PM');
INSERT INTO `products` (`id`, `category`, `brand`, `product_name`, `product_price`, `product_description`, `product_image`, `shipping_charge`, `product_availability`, `posting_date`, `update_date`) VALUES
(18, 4, 'Nubwo', 'เก้าอี้เล่นเกม Nubwo NBCH-019 Gaming Chair', 4990, '<ul style=\"box-sizing: border-box; margin-bottom: 1rem; margin-left: 0px; border: 0px; font-size: 14px; vertical-align: baseline; caret-color: rgb(27, 27, 27); color: rgb(27, 27, 27); font-family: sukhumvittadmai, sans-serif;\"><li style=\"box-sizing: border-box; list-style: none; border: 0px; vertical-align: baseline; margin: 0px; padding: 0px; text-align: justify;\">• เก้าอี้เกมมิ่งเพื่อสุขภาพ</li><li style=\"box-sizing: border-box; list-style: none; border: 0px; vertical-align: baseline; margin: 0px; padding: 0px; text-align: justify;\">• พนักวางแขน 2 มิติปรับระดับได้ 2 ทิศทาง</li><li style=\"box-sizing: border-box; list-style: none; border: 0px; vertical-align: baseline; margin: 0px; padding: 0px; text-align: justify;\">• รองรับน้ำหนักสูงสุด 150 กิโลกรัม</li><li style=\"box-sizing: border-box; list-style: none; border: 0px; vertical-align: baseline; margin: 0px; padding: 0px; text-align: justify;\">• ปรับเอนได้มากสุด 160 องศา</li></ul>', 'NBCH-019-6.jpg', 0, 5, '2022-04-24 06:54:40', '2022-04-26 01:35:05 PM'),
(19, 5, 'Nubwo', 'โต๊ะเล่นเกม Nubwo ND-600S Gaming Desk', 2890, '<h3 style=\"box-sizing: border-box; margin-bottom: 0px; font-weight: 500; line-height: 1.2em; font-size: 1.4em; border: 0px; vertical-align: baseline; padding: 0px; font-family: sukhumvittadmai, &quot;Thai Sans Neue&quot;, sans-serif; caret-color: rgb(27, 27, 27); color: rgb(27, 27, 27);\"><strong style=\"box-sizing: border-box; border: 0px; font-size: 19.600000381469727px; vertical-align: baseline; margin: 0px; padding: 0px;\">Key Highlight</strong></h3><h3 style=\"box-sizing: border-box; margin-bottom: 0px; font-weight: 500; line-height: 1.2em; font-size: 1.4em; border: 0px; vertical-align: baseline; padding: 0px; font-family: sukhumvittadmai, &quot;Thai Sans Neue&quot;, sans-serif; caret-color: rgb(27, 27, 27); color: rgb(27, 27, 27);\"><div class=\"col-md-6\r\n                    \" style=\"caret-color: rgb(0, 0, 0); color: rgb(0, 0, 0); box-sizing: border-box; border: 0px; margin: 0px; padding: 0px 15px; font-family: sukhumvittadmai, sans-serif; position: relative; width: 443px; flex: 0 0 50%; max-width: 50%;\"><div style=\"box-sizing: border-box; border: 0px; margin: 0px; padding: 0px;\"><div class=\"html\" style=\"box-sizing: border-box; border: 0px; margin: 0px 0px 25px; padding: 0px; font-family: sukhumvittadmai;\"><ul style=\"box-sizing: border-box; margin-bottom: 1rem; margin-left: 0px; padding-left: 1.5em; border: 0px; font-size: 14px; vertical-align: baseline;\"><li style=\"box-sizing: border-box; list-style: none; border: 0px; vertical-align: baseline; margin: 0px; padding: 0px;\"><p style=\"box-sizing: border-box; margin-bottom: 0px; border: 0px; vertical-align: baseline; padding: 0px; font-family: sukhumvittadmai, sans-serif; caret-color: rgb(27, 27, 27); color: rgb(27, 27, 27);\"><br style=\"box-sizing: border-box;\"></p><ul style=\"box-sizing: border-box; margin-bottom: 1rem; margin-left: 0px; padding-left: 1.5em; border: 0px; vertical-align: baseline; caret-color: rgb(27, 27, 27); color: rgb(27, 27, 27);\"><li style=\"box-sizing: border-box; list-style: none; border: 0px; vertical-align: baseline; margin: 0px; padding: 0px;\">โต๊ะเกมมิ่งราคาประหยัดจาก Nubwo</li><li style=\"box-sizing: border-box; list-style: none; border: 0px; vertical-align: baseline; margin: 0px; padding: 0px;\">ขนาด 120 x 75 x 74.5 ซม.</li><li style=\"box-sizing: border-box; list-style: none; border: 0px; vertical-align: baseline; margin: 0px; padding: 0px;\">ผิวสัมผัสของโต๊ะทำจากไฟเบอร์คุณภาพสูง</li><li style=\"box-sizing: border-box; list-style: none; border: 0px; vertical-align: baseline; margin: 0px; padding: 0px;\">มีที่แขวนหูฟัง และที่เก็บสายคอมพิวเตอร์</li><li style=\"box-sizing: border-box; list-style: none; border: 0px; vertical-align: baseline; margin: 0px; padding: 0px;\">ขาทำจากเหล็ก แข็งแรง ทนทาน</li></ul></li></ul></div></div></div></h3>', 'nubwo-nd-600s-gaming-desk-white-front.jpg', 0, 7, '2022-04-24 06:58:34', '2022-04-26 01:35:16 PM'),
(20, 5, 'Ergotrend', 'โต๊ะปรับระดับ Ergotrend Sit 2 Stand glass desk 60x120 Adjustable Desk', 21900, '<div class=\"product-spec-card\" style=\"box-sizing: border-box; border: 0px; margin: 0px; padding: 12px 0px 0px; font-family: sukhumvittadmai, sans-serif; display: flex; justify-content: space-between; caret-color: rgb(27, 27, 27); color: rgb(27, 27, 27); font-size: 14px;\"><span class=\"title\" style=\"box-sizing: border-box; border: 0px; margin: 0px; padding: 0px; width: 172px;\">โต๊ะมุม</span><span class=\"desc\" style=\"box-sizing: border-box; border: 0px; margin: 0px; padding: 0px; width: 696px; font-size: 16px; font-weight: bold;\">ไม่ใช่</span></div><div class=\"product-spec-card\" style=\"box-sizing: border-box; border: 0px; margin: 0px; padding: 12px 0px 0px; font-family: sukhumvittadmai, sans-serif; display: flex; justify-content: space-between; caret-color: rgb(27, 27, 27); color: rgb(27, 27, 27); font-size: 14px;\"><span class=\"title\" style=\"box-sizing: border-box; border: 0px; margin: 0px; padding: 0px; width: 172px;\">ขนาดท็อปโต๊ะ</span><span class=\"desc\" style=\"box-sizing: border-box; border: 0px; margin: 0px; padding: 0px; width: 696px; font-size: 16px; font-weight: bold;\">60 x 120 cm</span></div><div class=\"product-spec-card\" style=\"box-sizing: border-box; border: 0px; margin: 0px; padding: 12px 0px 0px; font-family: sukhumvittadmai, sans-serif; display: flex; justify-content: space-between; caret-color: rgb(27, 27, 27); color: rgb(27, 27, 27); font-size: 14px;\"><span class=\"title\" style=\"box-sizing: border-box; border: 0px; margin: 0px; padding: 0px; width: 172px;\">วัสดุท็อปโต๊ะ</span><span class=\"desc\" style=\"box-sizing: border-box; border: 0px; margin: 0px; padding: 0px; width: 696px; font-size: 16px; font-weight: bold;\">กระจก</span></div><div class=\"product-spec-card\" style=\"box-sizing: border-box; border: 0px; margin: 0px; padding: 12px 0px 0px; font-family: sukhumvittadmai, sans-serif; display: flex; justify-content: space-between; caret-color: rgb(27, 27, 27); color: rgb(27, 27, 27); font-size: 14px;\"><span class=\"title\" style=\"box-sizing: border-box; border: 0px; margin: 0px; padding: 0px; width: 172px;\">ระดับควางสูงที่ปรับได้</span><span class=\"desc\" style=\"box-sizing: border-box; border: 0px; margin: 0px; padding: 0px; width: 696px; font-size: 16px; font-weight: bold;\">70 - 120 cm</span></div><div class=\"product-spec-card\" style=\"box-sizing: border-box; border: 0px; margin: 0px; padding: 12px 0px 0px; font-family: sukhumvittadmai, sans-serif; display: flex; justify-content: space-between; caret-color: rgb(27, 27, 27); color: rgb(27, 27, 27); font-size: 14px;\"><span class=\"title\" style=\"box-sizing: border-box; border: 0px; margin: 0px; padding: 0px; width: 172px;\">วัสดุขาโต๊ะ</span><span class=\"desc\" style=\"box-sizing: border-box; border: 0px; margin: 0px; padding: 0px; width: 696px; font-size: 16px; font-weight: bold;\">เหล็ก</span></div><div class=\"product-spec-card\" style=\"box-sizing: border-box; border: 0px; margin: 0px; padding: 12px 0px 0px; font-family: sukhumvittadmai, sans-serif; display: flex; justify-content: space-between; caret-color: rgb(27, 27, 27); color: rgb(27, 27, 27); font-size: 14px;\"><span class=\"title\" style=\"box-sizing: border-box; border: 0px; margin: 0px; padding: 0px; width: 172px;\">ช่วงวัยผู้ใช้งาน</span><span class=\"desc\" style=\"box-sizing: border-box; border: 0px; margin: 0px; padding: 0px; width: 696px; font-size: 16px; font-weight: bold;\">ผู้ใหญ่</span></div><div class=\"product-spec-card\" style=\"box-sizing: border-box; border: 0px; margin: 0px; padding: 12px 0px 0px; font-family: sukhumvittadmai, sans-serif; display: flex; justify-content: space-between; caret-color: rgb(27, 27, 27); color: rgb(27, 27, 27); font-size: 14px;\"><span class=\"title\" style=\"box-sizing: border-box; border: 0px; margin: 0px; padding: 0px; width: 172px;\">ฟีเจอร์พิเศษ</span><span class=\"desc\" style=\"box-sizing: border-box; border: 0px; margin: 0px; padding: 0px; width: 696px; font-size: 16px; font-weight: bold;\">การจดจำการตั้งค่าความสูง, พอร์ต USB, ลิ้นชักโต๊ะ, ระบบป้องกันสิ่งกีดขวาง</span></div><div class=\"product-spec-card\" style=\"box-sizing: border-box; border: 0px; margin: 0px; padding: 12px 0px 0px; font-family: sukhumvittadmai, sans-serif; display: flex; justify-content: space-between; caret-color: rgb(27, 27, 27); color: rgb(27, 27, 27); font-size: 14px;\"><span class=\"title\" style=\"box-sizing: border-box; border: 0px; margin: 0px; padding: 0px; width: 172px;\">ขนาด</span><span class=\"desc\" style=\"box-sizing: border-box; border: 0px; margin: 0px; padding: 0px; width: 696px; font-size: 16px; font-weight: bold;\">60 x 120 x 70-120 cm.</span></div><div class=\"product-spec-card\" style=\"box-sizing: border-box; border: 0px; margin: 0px; padding: 12px 0px 0px; font-family: sukhumvittadmai, sans-serif; display: flex; justify-content: space-between; caret-color: rgb(27, 27, 27); color: rgb(27, 27, 27); font-size: 14px;\"><span class=\"title\" style=\"box-sizing: border-box; border: 0px; margin: 0px; padding: 0px; width: 172px;\">รองรับน้ำหนัก (kg)</span><span class=\"desc\" style=\"box-sizing: border-box; border: 0px; margin: 0px; padding: 0px; width: 696px; font-size: 16px; font-weight: bold;\">120kg.</span></div>', '16 Ergotrend Sit 2 Stand glass desk 60x120 -Adjustable Desk.jpg', 100, 5, '2022-04-24 07:00:18', '2022-04-26 01:35:48 PM'),
(21, 5, 'Tengu', 'โต๊ะเล่นเกม Tengu Sasaki Gaming Desk', 3090, '<h3 style=\"box-sizing: border-box; margin-bottom: 0px; font-weight: 500; line-height: 1.2em; font-size: 1.4em; border: 0px; vertical-align: baseline; padding: 0px; font-family: sukhumvittadmai, &quot;Thai Sans Neue&quot;, sans-serif; caret-color: rgb(27, 27, 27); color: rgb(27, 27, 27);\"><strong style=\"box-sizing: border-box; border: 0px; font-size: 19.600000381469727px; vertical-align: baseline; margin: 0px; padding: 0px;\">Key Highlight</strong></h3><p style=\"box-sizing: border-box; margin-bottom: 0px; border: 0px; font-size: 14px; vertical-align: baseline; padding: 0px; font-family: sukhumvittadmai, sans-serif; caret-color: rgb(27, 27, 27); color: rgb(27, 27, 27);\"><br style=\"box-sizing: border-box;\"></p><ul style=\"box-sizing: border-box; margin-bottom: 1rem; margin-left: 0px; padding-left: 1.5em; border: 0px; font-size: 14px; vertical-align: baseline; caret-color: rgb(27, 27, 27); color: rgb(27, 27, 27); font-family: sukhumvittadmai;\"><li style=\"box-sizing: border-box; list-style: none; border: 0px; vertical-align: baseline; margin: 0px; padding: 0px;\">โต๊ะเกมมิ่งจาก Tengu</li><li style=\"box-sizing: border-box; list-style: none; border: 0px; vertical-align: baseline; margin: 0px; padding: 0px;\">ออกแบบสำหรับการเล่นเกมโดยเฉพาะ</li><li style=\"box-sizing: border-box; list-style: none; border: 0px; vertical-align: baseline; margin: 0px; padding: 0px;\">โต๊ะหน้ากว้าง 120 x 60 เซนติเมตร</li><li style=\"box-sizing: border-box; list-style: none; border: 0px; vertical-align: baseline; margin: 0px; padding: 0px;\">สามารถวางได้มากถึง 2 จอ</li><li style=\"box-sizing: border-box; list-style: none; border: 0px; vertical-align: baseline; margin: 0px; padding: 0px;\">ปรับระดับความสูงได้ที่ 72-75 เซนติเมตร</li><li style=\"box-sizing: border-box; list-style: none; border: 0px; vertical-align: baseline; margin: 0px; padding: 0px;\">ใช้วัสดุแข็งแรง ทนทาน</li><li style=\"box-sizing: border-box; list-style: none; border: 0px; vertical-align: baseline; margin: 0px; padding: 0px;\">ใช้วัสดุหุ้มหน้าโต๊ะด้วยคาร์บอนไฟเบอร์</li><li style=\"box-sizing: border-box; list-style: none; border: 0px; vertical-align: baseline; margin: 0px; padding: 0px;\">ลดการเกิดรอยขีดข่วนได้เป็นอย่างดี</li><li style=\"box-sizing: border-box; list-style: none; border: 0px; vertical-align: baseline; margin: 0px; padding: 0px;\">มีที่รองแก้วน้ำเพื่อลดหยดน้ำบนโต๊ะ</li><li style=\"box-sizing: border-box; list-style: none; border: 0px; vertical-align: baseline; margin: 0px; padding: 0px;\">มีช่องสำหรับจัดเก็บ<a href=\"https://www.mercular.com/gaming-gear/gaming-headphone\" target=\"_blank\" style=\"box-sizing: border-box; color: rgb(6, 144, 240); border: 0px; vertical-align: baseline; margin: 0px; padding: 0px; cursor: pointer; font-family: sukhumvittadmai, sans-serif;\">หูฟังเกมมิ่ง</a>โดยเฉพาะ</li></ul>', 'tengu-sasaki-gaming-desk-white-in-black.jpg', 100, 4, '2022-04-24 07:02:00', '2022-04-26 01:36:16 PM'),
(22, 6, 'Acer', 'จอคอม Acer EK240YCbi 23.8\" LED Monitor 75Hz', 4900, '<div class=\"product-spec-card\" style=\"box-sizing: border-box; border: 0px; margin: 0px; padding: 12px 0px 0px; font-family: sukhumvittadmai, sans-serif; display: flex; justify-content: space-between; caret-color: rgb(27, 27, 27); color: rgb(27, 27, 27); font-size: 14px;\"><span class=\"title\" style=\"box-sizing: border-box; border: 0px; margin: 0px; padding: 0px; width: 172px;\">ประเภทพาเนล</span><span class=\"desc\" style=\"box-sizing: border-box; border: 0px; margin: 0px; padding: 0px; width: 696px; font-size: 16px; font-weight: bold;\">VA</span></div><div class=\"product-spec-card\" style=\"box-sizing: border-box; border: 0px; margin: 0px; padding: 12px 0px 0px; font-family: sukhumvittadmai, sans-serif; display: flex; justify-content: space-between; caret-color: rgb(27, 27, 27); color: rgb(27, 27, 27); font-size: 14px;\"><span class=\"title\" style=\"box-sizing: border-box; border: 0px; margin: 0px; padding: 0px; width: 172px;\">ขนาดหน้าจอ</span><span class=\"desc\" style=\"box-sizing: border-box; border: 0px; margin: 0px; padding: 0px; width: 696px; font-size: 16px; font-weight: bold;\">23.8\"</span></div><div class=\"product-spec-card\" style=\"box-sizing: border-box; border: 0px; margin: 0px; padding: 12px 0px 0px; font-family: sukhumvittadmai, sans-serif; display: flex; justify-content: space-between; caret-color: rgb(27, 27, 27); color: rgb(27, 27, 27); font-size: 14px;\"><span class=\"title\" style=\"box-sizing: border-box; border: 0px; margin: 0px; padding: 0px; width: 172px;\">รูปแบบหน้าจอ</span><span class=\"desc\" style=\"box-sizing: border-box; border: 0px; margin: 0px; padding: 0px; width: 696px; font-size: 16px; font-weight: bold;\">จอแบน</span></div><div class=\"product-spec-card\" style=\"box-sizing: border-box; border: 0px; margin: 0px; padding: 12px 0px 0px; font-family: sukhumvittadmai, sans-serif; display: flex; justify-content: space-between; caret-color: rgb(27, 27, 27); color: rgb(27, 27, 27); font-size: 14px;\"><span class=\"title\" style=\"box-sizing: border-box; border: 0px; margin: 0px; padding: 0px; width: 172px;\">ความละเอียดสูงสุด</span><span class=\"desc\" style=\"box-sizing: border-box; border: 0px; margin: 0px; padding: 0px; width: 696px; font-size: 16px; font-weight: bold;\">1920x1080 (Full HD)</span></div><div class=\"product-spec-card\" style=\"box-sizing: border-box; border: 0px; margin: 0px; padding: 12px 0px 0px; font-family: sukhumvittadmai, sans-serif; display: flex; justify-content: space-between; caret-color: rgb(27, 27, 27); color: rgb(27, 27, 27); font-size: 14px;\"><span class=\"title\" style=\"box-sizing: border-box; border: 0px; margin: 0px; padding: 0px; width: 172px;\">อัตราส่วนจอ</span><span class=\"desc\" style=\"box-sizing: border-box; border: 0px; margin: 0px; padding: 0px; width: 696px; font-size: 16px; font-weight: bold;\">16:9</span></div><div class=\"product-spec-card\" style=\"box-sizing: border-box; border: 0px; margin: 0px; padding: 12px 0px 0px; font-family: sukhumvittadmai, sans-serif; display: flex; justify-content: space-between; caret-color: rgb(27, 27, 27); color: rgb(27, 27, 27); font-size: 14px;\"><span class=\"title\" style=\"box-sizing: border-box; border: 0px; margin: 0px; padding: 0px; width: 172px;\">อัตรารีเฟรช</span><span class=\"desc\" style=\"box-sizing: border-box; border: 0px; margin: 0px; padding: 0px; width: 696px; font-size: 16px; font-weight: bold;\">75Hz</span></div><div class=\"product-spec-card\" style=\"box-sizing: border-box; border: 0px; margin: 0px; padding: 12px 0px 0px; font-family: sukhumvittadmai, sans-serif; display: flex; justify-content: space-between; caret-color: rgb(27, 27, 27); color: rgb(27, 27, 27); font-size: 14px;\"><span class=\"title\" style=\"box-sizing: border-box; border: 0px; margin: 0px; padding: 0px; width: 172px;\">อัตราการตอบสนอง</span><span class=\"desc\" style=\"box-sizing: border-box; border: 0px; margin: 0px; padding: 0px; width: 696px; font-size: 16px; font-weight: bold;\">5ms</span></div><div class=\"product-spec-card\" style=\"box-sizing: border-box; border: 0px; margin: 0px; padding: 12px 0px 0px; font-family: sukhumvittadmai, sans-serif; display: flex; justify-content: space-between; caret-color: rgb(27, 27, 27); color: rgb(27, 27, 27); font-size: 14px;\"><span class=\"title\" style=\"box-sizing: border-box; border: 0px; margin: 0px; padding: 0px; width: 172px;\">การเชื่อมต่อภาพ</span><span class=\"desc\" style=\"box-sizing: border-box; border: 0px; margin: 0px; padding: 0px; width: 696px; font-size: 16px; font-weight: bold;\">VGA, HDMI</span></div>', 'acer-ek240ycbi-23-8-led-monitor-black-01.jpg', 0, 5, '2022-04-24 07:05:52', '2022-04-26 01:36:30 PM'),
(23, 6, 'Gigabyte', 'จอคอม Gigabyte AORUS FI27Q 27\" IPS 2K Monitor 165Hz', 17900, '<div class=\"product-spec-card\" style=\"box-sizing: border-box; border: 0px; margin: 0px; padding: 12px 0px 0px; font-family: sukhumvittadmai, sans-serif; display: flex; justify-content: space-between; caret-color: rgb(27, 27, 27); color: rgb(27, 27, 27); font-size: 14px;\"><span class=\"title\" style=\"box-sizing: border-box; border: 0px; margin: 0px; padding: 0px; width: 172px;\">ประเภทพาเนล</span><span class=\"desc\" style=\"box-sizing: border-box; border: 0px; margin: 0px; padding: 0px; width: 696px; font-size: 16px; font-weight: bold;\">IPS</span></div><div class=\"product-spec-card\" style=\"box-sizing: border-box; border: 0px; margin: 0px; padding: 12px 0px 0px; font-family: sukhumvittadmai, sans-serif; display: flex; justify-content: space-between; caret-color: rgb(27, 27, 27); color: rgb(27, 27, 27); font-size: 14px;\"><span class=\"title\" style=\"box-sizing: border-box; border: 0px; margin: 0px; padding: 0px; width: 172px;\">ขนาดหน้าจอ</span><span class=\"desc\" style=\"box-sizing: border-box; border: 0px; margin: 0px; padding: 0px; width: 696px; font-size: 16px; font-weight: bold;\">27\"</span></div><div class=\"product-spec-card\" style=\"box-sizing: border-box; border: 0px; margin: 0px; padding: 12px 0px 0px; font-family: sukhumvittadmai, sans-serif; display: flex; justify-content: space-between; caret-color: rgb(27, 27, 27); color: rgb(27, 27, 27); font-size: 14px;\"><span class=\"title\" style=\"box-sizing: border-box; border: 0px; margin: 0px; padding: 0px; width: 172px;\">รูปแบบหน้าจอ</span><span class=\"desc\" style=\"box-sizing: border-box; border: 0px; margin: 0px; padding: 0px; width: 696px; font-size: 16px; font-weight: bold;\">จอแบน</span></div><div class=\"product-spec-card\" style=\"box-sizing: border-box; border: 0px; margin: 0px; padding: 12px 0px 0px; font-family: sukhumvittadmai, sans-serif; display: flex; justify-content: space-between; caret-color: rgb(27, 27, 27); color: rgb(27, 27, 27); font-size: 14px;\"><span class=\"title\" style=\"box-sizing: border-box; border: 0px; margin: 0px; padding: 0px; width: 172px;\">ความละเอียดสูงสุด</span><span class=\"desc\" style=\"box-sizing: border-box; border: 0px; margin: 0px; padding: 0px; width: 696px; font-size: 16px; font-weight: bold;\">2560x1440 (2k)</span></div><div class=\"product-spec-card\" style=\"box-sizing: border-box; border: 0px; margin: 0px; padding: 12px 0px 0px; font-family: sukhumvittadmai, sans-serif; display: flex; justify-content: space-between; caret-color: rgb(27, 27, 27); color: rgb(27, 27, 27); font-size: 14px;\"><span class=\"title\" style=\"box-sizing: border-box; border: 0px; margin: 0px; padding: 0px; width: 172px;\">อัตรารีเฟรช</span><span class=\"desc\" style=\"box-sizing: border-box; border: 0px; margin: 0px; padding: 0px; width: 696px; font-size: 16px; font-weight: bold;\">165Hz</span></div><div class=\"product-spec-card\" style=\"box-sizing: border-box; border: 0px; margin: 0px; padding: 12px 0px 0px; font-family: sukhumvittadmai, sans-serif; display: flex; justify-content: space-between; caret-color: rgb(27, 27, 27); color: rgb(27, 27, 27); font-size: 14px;\"><span class=\"title\" style=\"box-sizing: border-box; border: 0px; margin: 0px; padding: 0px; width: 172px;\">อัตราการตอบสนอง</span><span class=\"desc\" style=\"box-sizing: border-box; border: 0px; margin: 0px; padding: 0px; width: 696px; font-size: 16px; font-weight: bold;\">1ms</span></div><div class=\"product-spec-card\" style=\"box-sizing: border-box; border: 0px; margin: 0px; padding: 12px 0px 0px; font-family: sukhumvittadmai, sans-serif; display: flex; justify-content: space-between; caret-color: rgb(27, 27, 27); color: rgb(27, 27, 27); font-size: 14px;\"><span class=\"title\" style=\"box-sizing: border-box; border: 0px; margin: 0px; padding: 0px; width: 172px;\">การเชื่อมต่อภาพ</span><span class=\"desc\" style=\"box-sizing: border-box; border: 0px; margin: 0px; padding: 0px; width: 696px; font-size: 16px; font-weight: bold;\">HDMI, Display Port</span></div><div class=\"product-spec-card\" style=\"box-sizing: border-box; border: 0px; margin: 0px; padding: 12px 0px 0px; font-family: sukhumvittadmai, sans-serif; display: flex; justify-content: space-between; caret-color: rgb(27, 27, 27); color: rgb(27, 27, 27); font-size: 14px;\"><span class=\"title\" style=\"box-sizing: border-box; border: 0px; margin: 0px; padding: 0px; width: 172px;\">แขนจับที่รองรับ</span><span class=\"desc\" style=\"box-sizing: border-box; border: 0px; margin: 0px; padding: 0px; width: 696px; font-size: 16px; font-weight: bold;\">VESA mount</span></div><div class=\"product-spec-card\" style=\"box-sizing: border-box; border: 0px; margin: 0px; padding: 12px 0px 0px; font-family: sukhumvittadmai, sans-serif; display: flex; justify-content: space-between; caret-color: rgb(27, 27, 27); color: rgb(27, 27, 27); font-size: 14px;\"><span class=\"title\" style=\"box-sizing: border-box; border: 0px; margin: 0px; padding: 0px; width: 172px;\">ฟีเจอร์เสริม</span><span class=\"desc\" style=\"box-sizing: border-box; border: 0px; margin: 0px; padding: 0px; width: 696px; font-size: 16px; font-weight: bold;\">Flicker Free, NVIDIA G-SYNC, AMD FreeSync™ Premium</span></div><div class=\"product-spec-card\" style=\"box-sizing: border-box; border: 0px; margin: 0px; padding: 12px 0px 0px; font-family: sukhumvittadmai, sans-serif; display: flex; justify-content: space-between; caret-color: rgb(27, 27, 27); color: rgb(27, 27, 27); font-size: 14px;\"><span class=\"title\" style=\"box-sizing: border-box; border: 0px; margin: 0px; padding: 0px; width: 172px;\">NVIDIA G-Sync</span><span class=\"desc\" style=\"box-sizing: border-box; border: 0px; margin: 0px; padding: 0px; width: 696px; font-size: 16px; font-weight: bold;\">รองรับ</span></div><div class=\"product-spec-card\" style=\"box-sizing: border-box; border: 0px; margin: 0px; padding: 12px 0px 0px; font-family: sukhumvittadmai, sans-serif; display: flex; justify-content: space-between; caret-color: rgb(27, 27, 27); color: rgb(27, 27, 27); font-size: 14px;\"><span class=\"title\" style=\"box-sizing: border-box; border: 0px; margin: 0px; padding: 0px; width: 172px;\">AMD Free-Sync</span><span class=\"desc\" style=\"box-sizing: border-box; border: 0px; margin: 0px; padding: 0px; width: 696px; font-size: 16px; font-weight: bold;\">รองรับ</span></div>', 'Gigabyte-FI27Q-27-IPS-Monitor-165Hz-1.jpg', 0, 5, '2022-04-24 07:08:28', '2022-04-26 01:37:04 PM'),
(24, 7, 'Glorious', 'คีย์บอร์ด Glorious GMMK Pro Barebones ANSI Layout', 6590, '<div class=\"product-spec-card\" style=\"box-sizing: border-box; border: 0px; margin: 0px; padding: 12px 0px 0px; font-family: sukhumvittadmai, sans-serif; display: flex; justify-content: space-between; caret-color: rgb(27, 27, 27); color: rgb(27, 27, 27); font-size: 14px;\"><span class=\"title\" style=\"box-sizing: border-box; border: 0px; margin: 0px; padding: 0px; width: 172px;\">มีสาย/ไร้สาย</span><span class=\"desc\" style=\"box-sizing: border-box; border: 0px; margin: 0px; padding: 0px; width: 696px; font-size: 16px; font-weight: bold;\">มีสาย</span></div><div class=\"product-spec-card\" style=\"box-sizing: border-box; border: 0px; margin: 0px; padding: 12px 0px 0px; font-family: sukhumvittadmai, sans-serif; display: flex; justify-content: space-between; caret-color: rgb(27, 27, 27); color: rgb(27, 27, 27); font-size: 14px;\"><span class=\"title\" style=\"box-sizing: border-box; border: 0px; margin: 0px; padding: 0px; width: 172px;\">ขนาดคีย์บอร์ด</span><span class=\"desc\" style=\"box-sizing: border-box; border: 0px; margin: 0px; padding: 0px; width: 696px; font-size: 16px; font-weight: bold;\">75%</span></div><div class=\"product-spec-card\" style=\"box-sizing: border-box; border: 0px; margin: 0px; padding: 12px 0px 0px; font-family: sukhumvittadmai, sans-serif; display: flex; justify-content: space-between; caret-color: rgb(27, 27, 27); color: rgb(27, 27, 27); font-size: 14px;\"><span class=\"title\" style=\"box-sizing: border-box; border: 0px; margin: 0px; padding: 0px; width: 172px;\">ซอฟต์แวร์</span><span class=\"desc\" style=\"box-sizing: border-box; border: 0px; margin: 0px; padding: 0px; width: 696px; font-size: 16px; font-weight: bold;\">มี</span></div><div class=\"product-spec-card\" style=\"box-sizing: border-box; border: 0px; margin: 0px; padding: 12px 0px 0px; font-family: sukhumvittadmai, sans-serif; display: flex; justify-content: space-between; caret-color: rgb(27, 27, 27); color: rgb(27, 27, 27); font-size: 14px;\"><span class=\"title\" style=\"box-sizing: border-box; border: 0px; margin: 0px; padding: 0px; width: 172px;\">ไฟ RGB</span><span class=\"desc\" style=\"box-sizing: border-box; border: 0px; margin: 0px; padding: 0px; width: 696px; font-size: 16px; font-weight: bold;\">มีไฟ</span></div><div class=\"product-spec-card\" style=\"box-sizing: border-box; border: 0px; margin: 0px; padding: 12px 0px 0px; font-family: sukhumvittadmai, sans-serif; display: flex; justify-content: space-between; caret-color: rgb(27, 27, 27); color: rgb(27, 27, 27); font-size: 14px;\"><span class=\"title\" style=\"box-sizing: border-box; border: 0px; margin: 0px; padding: 0px; width: 172px;\">วัสดุเคส</span><span class=\"desc\" style=\"box-sizing: border-box; border: 0px; margin: 0px; padding: 0px; width: 696px; font-size: 16px; font-weight: bold;\">Aluminum alloy</span></div><div class=\"product-spec-card\" style=\"box-sizing: border-box; border: 0px; margin: 0px; padding: 12px 0px 0px; font-family: sukhumvittadmai, sans-serif; display: flex; justify-content: space-between; caret-color: rgb(27, 27, 27); color: rgb(27, 27, 27); font-size: 14px;\"><span class=\"title\" style=\"box-sizing: border-box; border: 0px; margin: 0px; padding: 0px; width: 172px;\">คุณสมบัติพิเศษ</span><span class=\"desc\" style=\"box-sizing: border-box; border: 0px; margin: 0px; padding: 0px; width: 696px; font-size: 16px; font-weight: bold;\">Gasket mounted design Glorious GOAT stabilizers</span></div><div class=\"product-spec-card\" style=\"box-sizing: border-box; border: 0px; margin: 0px; padding: 12px 0px 0px; font-family: sukhumvittadmai, sans-serif; display: flex; justify-content: space-between; caret-color: rgb(27, 27, 27); color: rgb(27, 27, 27); font-size: 14px;\"><span class=\"title\" style=\"box-sizing: border-box; border: 0px; margin: 0px; padding: 0px; width: 172px;\">ขนาด</span><span class=\"desc\" style=\"box-sizing: border-box; border: 0px; margin: 0px; padding: 0px; width: 696px; font-size: 16px; font-weight: bold;\">332 x 32 x 135 มม.</span></div><div class=\"product-spec-card\" style=\"box-sizing: border-box; border: 0px; margin: 0px; padding: 12px 0px 0px; font-family: sukhumvittadmai, sans-serif; display: flex; justify-content: space-between; caret-color: rgb(27, 27, 27); color: rgb(27, 27, 27); font-size: 14px;\"><span class=\"title\" style=\"box-sizing: border-box; border: 0px; margin: 0px; padding: 0px; width: 172px;\">น้ำหนัก</span><span class=\"desc\" style=\"box-sizing: border-box; border: 0px; margin: 0px; padding: 0px; width: 696px; font-size: 16px; font-weight: bold;\">1.4 กก.</span></div><div class=\"product-spec-card\" style=\"box-sizing: border-box; border: 0px; margin: 0px; padding: 12px 0px 0px; font-family: sukhumvittadmai, sans-serif; display: flex; justify-content: space-between; caret-color: rgb(27, 27, 27); color: rgb(27, 27, 27); font-size: 14px;\"><span class=\"title\" style=\"box-sizing: border-box; border: 0px; margin: 0px; padding: 0px; width: 172px;\">ความยาวสาย</span><span class=\"desc\" style=\"box-sizing: border-box; border: 0px; margin: 0px; padding: 0px; width: 696px; font-size: 16px; font-weight: bold;\">1.8 m</span></div>', '9-Glorious-GMMK-Pro-Barebones-ANSI-Layout.jpg', 0, 5, '2022-04-24 07:10:43', '2022-04-26 01:37:19 PM'),
(25, 7, 'Glorious', 'คีย์บอร์ด Glorious GMMK Compact Barebones ISO Layout', 2690, '<h3 style=\"box-sizing: border-box; margin-bottom: 0px; font-weight: 500; line-height: 1.2em; font-size: 1.4em; border: 0px; vertical-align: baseline; padding: 0px; font-family: sukhumvittadmai, &quot;Thai Sans Neue&quot;, sans-serif; caret-color: rgb(27, 27, 27); color: rgb(27, 27, 27);\"><strong style=\"box-sizing: border-box; border: 0px; font-size: 19.600000381469727px; vertical-align: baseline; margin: 0px; padding: 0px;\">Key Highlight</strong></h3><p style=\"box-sizing: border-box; margin-bottom: 0px; border: 0px; font-size: 14px; vertical-align: baseline; padding: 0px; font-family: sukhumvittadmai, sans-serif; caret-color: rgb(27, 27, 27); color: rgb(27, 27, 27);\"><br style=\"box-sizing: border-box;\"></p><ul style=\"box-sizing: border-box; margin-bottom: 1rem; margin-left: 0px; padding-left: 1.5em; border: 0px; font-size: 14px; vertical-align: baseline; caret-color: rgb(27, 27, 27); color: rgb(27, 27, 27); font-family: sukhumvittadmai;\"><li style=\"box-sizing: border-box; list-style: none; border: 0px; vertical-align: baseline; margin: 0px; padding: 0px;\">มี 62 Key</li><li style=\"box-sizing: border-box; list-style: none; border: 0px; vertical-align: baseline; margin: 0px; padding: 0px;\">มีไฟ RGB 16.8 ล้านสี</li><li style=\"box-sizing: border-box; list-style: none; border: 0px; vertical-align: baseline; margin: 0px; padding: 0px;\">ติดตั้งสวิตช์ได้โดยไม่ต้องบัดกรี</li><li style=\"box-sizing: border-box; list-style: none; border: 0px; vertical-align: baseline; margin: 0px; padding: 0px;\">สวิตช์ที่ใส่ได้คือ Cherry, Kailh, Gateron แบบ Brown</li><li style=\"box-sizing: border-box; list-style: none; border: 0px; vertical-align: baseline; margin: 0px; padding: 0px;\">แผ่นยางป้องกันไม่ให้เลื่อน</li><li style=\"box-sizing: border-box; list-style: none; border: 0px; vertical-align: baseline; margin: 0px; padding: 0px;\">สมารถถอดคีย์แคปและสวิตช์ได้ง่ายดาย</li><li style=\"box-sizing: border-box; list-style: none; border: 0px; vertical-align: baseline; margin: 0px; padding: 0px;\">ไม่ต้องติดตั้งซอฟต์แวร์</li></ul>', 'Compact-1.jpg', 0, 5, '2022-04-24 07:13:52', '2022-04-26 01:37:30 PM'),
(26, 7, 'IQUNIX', 'คีย์บอร์ด IQUNIX F60 Joker Mechanical Keyboard (EN)', 6290, '<div class=\"product-spec-card\" style=\"box-sizing: border-box; border: 0px; margin: 0px; padding: 12px 0px 0px; font-family: sukhumvittadmai, sans-serif; display: flex; justify-content: space-between; caret-color: rgb(27, 27, 27); color: rgb(27, 27, 27); font-size: 14px;\"><span class=\"title\" style=\"box-sizing: border-box; border: 0px; margin: 0px; padding: 0px; width: 172px;\">มีสาย/ไร้สาย</span><span class=\"desc\" style=\"box-sizing: border-box; border: 0px; margin: 0px; padding: 0px; width: 696px; font-size: 16px; font-weight: bold;\">มีสาย</span></div><div class=\"product-spec-card\" style=\"box-sizing: border-box; border: 0px; margin: 0px; padding: 12px 0px 0px; font-family: sukhumvittadmai, sans-serif; display: flex; justify-content: space-between; caret-color: rgb(27, 27, 27); color: rgb(27, 27, 27); font-size: 14px;\"><span class=\"title\" style=\"box-sizing: border-box; border: 0px; margin: 0px; padding: 0px; width: 172px;\">ประเภทคีย์บอร์ด</span><span class=\"desc\" style=\"box-sizing: border-box; border: 0px; margin: 0px; padding: 0px; width: 696px; font-size: 16px; font-weight: bold;\">Mechanical</span></div><div class=\"product-spec-card\" style=\"box-sizing: border-box; border: 0px; margin: 0px; padding: 12px 0px 0px; font-family: sukhumvittadmai, sans-serif; display: flex; justify-content: space-between; caret-color: rgb(27, 27, 27); color: rgb(27, 27, 27); font-size: 14px;\"><span class=\"title\" style=\"box-sizing: border-box; border: 0px; margin: 0px; padding: 0px; width: 172px;\">ขนาดคีย์บอร์ด</span><span class=\"desc\" style=\"box-sizing: border-box; border: 0px; margin: 0px; padding: 0px; width: 696px; font-size: 16px; font-weight: bold;\">60%</span></div><div class=\"product-spec-card\" style=\"box-sizing: border-box; border: 0px; margin: 0px; padding: 12px 0px 0px; font-family: sukhumvittadmai, sans-serif; display: flex; justify-content: space-between; caret-color: rgb(27, 27, 27); color: rgb(27, 27, 27); font-size: 14px;\"><span class=\"title\" style=\"box-sizing: border-box; border: 0px; margin: 0px; padding: 0px; width: 172px;\">สวิตซ์</span><span class=\"desc\" style=\"box-sizing: border-box; border: 0px; margin: 0px; padding: 0px; width: 696px; font-size: 16px; font-weight: bold;\">Cherry</span></div><div class=\"product-spec-card\" style=\"box-sizing: border-box; border: 0px; margin: 0px; padding: 12px 0px 0px; font-family: sukhumvittadmai, sans-serif; display: flex; justify-content: space-between; caret-color: rgb(27, 27, 27); color: rgb(27, 27, 27); font-size: 14px;\"><span class=\"title\" style=\"box-sizing: border-box; border: 0px; margin: 0px; padding: 0px; width: 172px;\">ประเภทสวิตซ์</span><span class=\"desc\" style=\"box-sizing: border-box; border: 0px; margin: 0px; padding: 0px; width: 696px; font-size: 16px; font-weight: bold;\">Tactile, Linear</span></div><div class=\"product-spec-card\" style=\"box-sizing: border-box; border: 0px; margin: 0px; padding: 12px 0px 0px; font-family: sukhumvittadmai, sans-serif; display: flex; justify-content: space-between; caret-color: rgb(27, 27, 27); color: rgb(27, 27, 27); font-size: 14px;\"><span class=\"title\" style=\"box-sizing: border-box; border: 0px; margin: 0px; padding: 0px; width: 172px;\">เสียง</span><span class=\"desc\" style=\"box-sizing: border-box; border: 0px; margin: 0px; padding: 0px; width: 696px; font-size: 16px; font-weight: bold;\">Silent</span></div><div class=\"product-spec-card\" style=\"box-sizing: border-box; border: 0px; margin: 0px; padding: 12px 0px 0px; font-family: sukhumvittadmai, sans-serif; display: flex; justify-content: space-between; caret-color: rgb(27, 27, 27); color: rgb(27, 27, 27); font-size: 14px;\"><span class=\"title\" style=\"box-sizing: border-box; border: 0px; margin: 0px; padding: 0px; width: 172px;\">ไฟ RGB</span><span class=\"desc\" style=\"box-sizing: border-box; border: 0px; margin: 0px; padding: 0px; width: 696px; font-size: 16px; font-weight: bold;\">มีไฟ</span></div><div class=\"product-spec-card\" style=\"box-sizing: border-box; border: 0px; margin: 0px; padding: 12px 0px 0px; font-family: sukhumvittadmai, sans-serif; display: flex; justify-content: space-between; caret-color: rgb(27, 27, 27); color: rgb(27, 27, 27); font-size: 14px;\"><span class=\"title\" style=\"box-sizing: border-box; border: 0px; margin: 0px; padding: 0px; width: 172px;\">สีสวิทซ์</span><span class=\"desc\" style=\"box-sizing: border-box; border: 0px; margin: 0px; padding: 0px; width: 696px; font-size: 16px; font-weight: bold;\">Brown, Red</span></div><div class=\"product-spec-card\" style=\"box-sizing: border-box; border: 0px; margin: 0px; padding: 12px 0px 0px; font-family: sukhumvittadmai, sans-serif; display: flex; justify-content: space-between; caret-color: rgb(27, 27, 27); color: rgb(27, 27, 27); font-size: 14px;\"><span class=\"title\" style=\"box-sizing: border-box; border: 0px; margin: 0px; padding: 0px; width: 172px;\">วัสดุเคส</span><span class=\"desc\" style=\"box-sizing: border-box; border: 0px; margin: 0px; padding: 0px; width: 696px; font-size: 16px; font-weight: bold;\">Aluminum alloy</span></div><div class=\"product-spec-card\" style=\"box-sizing: border-box; border: 0px; margin: 0px; padding: 12px 0px 0px; font-family: sukhumvittadmai, sans-serif; display: flex; justify-content: space-between; caret-color: rgb(27, 27, 27); color: rgb(27, 27, 27); font-size: 14px;\"><span class=\"title\" style=\"box-sizing: border-box; border: 0px; margin: 0px; padding: 0px; width: 172px;\">วัสดุคีย์แคป</span><span class=\"desc\" style=\"box-sizing: border-box; border: 0px; margin: 0px; padding: 0px; width: 696px; font-size: 16px; font-weight: bold;\">PBT</span></div><div class=\"product-spec-card\" style=\"box-sizing: border-box; border: 0px; margin: 0px; padding: 12px 0px 0px; font-family: sukhumvittadmai, sans-serif; display: flex; justify-content: space-between; caret-color: rgb(27, 27, 27); color: rgb(27, 27, 27); font-size: 14px;\"><span class=\"title\" style=\"box-sizing: border-box; border: 0px; margin: 0px; padding: 0px; width: 172px;\">ขนาด</span><span class=\"desc\" style=\"box-sizing: border-box; border: 0px; margin: 0px; padding: 0px; width: 696px; font-size: 16px; font-weight: bold;\">295×104.5×33.5 มิลลิเมตร</span></div><div class=\"product-spec-card\" style=\"box-sizing: border-box; border: 0px; margin: 0px; padding: 12px 0px 0px; font-family: sukhumvittadmai, sans-serif; display: flex; justify-content: space-between; caret-color: rgb(27, 27, 27); color: rgb(27, 27, 27); font-size: 14px;\"><span class=\"title\" style=\"box-sizing: border-box; border: 0px; margin: 0px; padding: 0px; width: 172px;\">น้ำหนัก</span><span class=\"desc\" style=\"box-sizing: border-box; border: 0px; margin: 0px; padding: 0px; width: 696px; font-size: 16px; font-weight: bold;\">710 กรัม</span></div><div class=\"product-spec-card\" style=\"box-sizing: border-box; border: 0px; margin: 0px; padding: 12px 0px 0px; font-family: sukhumvittadmai, sans-serif; display: flex; justify-content: space-between; caret-color: rgb(27, 27, 27); color: rgb(27, 27, 27); font-size: 14px;\"><span class=\"title\" style=\"box-sizing: border-box; border: 0px; margin: 0px; padding: 0px; width: 172px;\">ความยาวสาย</span><span class=\"desc\" style=\"box-sizing: border-box; border: 0px; margin: 0px; padding: 0px; width: 696px; font-size: 16px; font-weight: bold;\">1.8 m</span></div>', 'iqunix-f60-joker-mechanical-keyboard-en-rgb-gateron-brown-001.jpg', 0, 5, '2022-04-24 07:15:50', '2022-04-26 01:37:49 PM'),
(27, 8, 'Razer', 'Razer Raiju Mobile', 6390, '<div class=\"product-spec-card\" style=\"box-sizing: border-box; border: 0px; margin: 0px; padding: 12px 0px 0px; font-family: sukhumvittadmai, sans-serif; display: flex; justify-content: space-between; caret-color: rgb(27, 27, 27); color: rgb(27, 27, 27); font-size: 14px;\"><span class=\"title\" style=\"box-sizing: border-box; border: 0px; margin: 0px; padding: 0px; width: 172px;\">มีสาย/ไร้สาย</span><span class=\"desc\" style=\"box-sizing: border-box; border: 0px; margin: 0px; padding: 0px; width: 696px; font-size: 16px; font-weight: bold;\">ไร้สาย</span></div><div class=\"product-spec-card\" style=\"box-sizing: border-box; border: 0px; margin: 0px; padding: 12px 0px 0px; font-family: sukhumvittadmai, sans-serif; display: flex; justify-content: space-between; caret-color: rgb(27, 27, 27); color: rgb(27, 27, 27); font-size: 14px;\"><span class=\"title\" style=\"box-sizing: border-box; border: 0px; margin: 0px; padding: 0px; width: 172px;\">ซอฟต์แวร์</span><span class=\"desc\" style=\"box-sizing: border-box; border: 0px; margin: 0px; padding: 0px; width: 696px; font-size: 16px; font-weight: bold;\">มี</span></div><div class=\"product-spec-card\" style=\"box-sizing: border-box; border: 0px; margin: 0px; padding: 12px 0px 0px; font-family: sukhumvittadmai, sans-serif; display: flex; justify-content: space-between; caret-color: rgb(27, 27, 27); color: rgb(27, 27, 27); font-size: 14px;\"><span class=\"title\" style=\"box-sizing: border-box; border: 0px; margin: 0px; padding: 0px; width: 172px;\">แพล็ตฟอร์ม</span><span class=\"desc\" style=\"box-sizing: border-box; border: 0px; margin: 0px; padding: 0px; width: 696px; font-size: 16px; font-weight: bold;\">Android, Window</span></div><div class=\"product-spec-card\" style=\"box-sizing: border-box; border: 0px; margin: 0px; padding: 12px 0px 0px; font-family: sukhumvittadmai, sans-serif; display: flex; justify-content: space-between; caret-color: rgb(27, 27, 27); color: rgb(27, 27, 27); font-size: 14px;\"><span class=\"title\" style=\"box-sizing: border-box; border: 0px; margin: 0px; padding: 0px; width: 172px;\">การเชื่อมต่อ (Input)</span><span class=\"desc\" style=\"box-sizing: border-box; border: 0px; margin: 0px; padding: 0px; width: 696px; font-size: 16px; font-weight: bold;\">2.4GHz Wireless</span></div>', 'Razer-Raiju-Mobile-1.jpg', 0, 5, '2022-04-24 07:17:28', '2022-04-26 01:38:03 PM'),
(28, 9, 'Nintendo', 'เครื่องเล่นเกม Nintendo Switch OLED (Asia) Console', 16990, '<div class=\"product-spec-card\" style=\"box-sizing: border-box; border: 0px; margin: 0px; padding: 12px 0px 0px; font-family: sukhumvittadmai, sans-serif; display: flex; justify-content: space-between; caret-color: rgb(27, 27, 27); color: rgb(27, 27, 27); font-size: 14px;\"><span class=\"title\" style=\"box-sizing: border-box; border: 0px; margin: 0px; padding: 0px; width: 172px;\">หน่วยความจำในตัว</span><span class=\"desc\" style=\"box-sizing: border-box; border: 0px; margin: 0px; padding: 0px; width: 696px; font-size: 16px; font-weight: bold;\">64GB</span></div><div class=\"product-spec-card\" style=\"box-sizing: border-box; border: 0px; margin: 0px; padding: 12px 0px 0px; font-family: sukhumvittadmai, sans-serif; display: flex; justify-content: space-between; caret-color: rgb(27, 27, 27); color: rgb(27, 27, 27); font-size: 14px;\"><span class=\"title\" style=\"box-sizing: border-box; border: 0px; margin: 0px; padding: 0px; width: 172px;\">ประเภทจอ</span><span class=\"desc\" style=\"box-sizing: border-box; border: 0px; margin: 0px; padding: 0px; width: 696px; font-size: 16px; font-weight: bold;\">OLED</span></div><div class=\"product-spec-card\" style=\"box-sizing: border-box; border: 0px; margin: 0px; padding: 12px 0px 0px; font-family: sukhumvittadmai, sans-serif; display: flex; justify-content: space-between; caret-color: rgb(27, 27, 27); color: rgb(27, 27, 27); font-size: 14px;\"><span class=\"title\" style=\"box-sizing: border-box; border: 0px; margin: 0px; padding: 0px; width: 172px;\">ขนาดหน้าจอ</span><span class=\"desc\" style=\"box-sizing: border-box; border: 0px; margin: 0px; padding: 0px; width: 696px; font-size: 16px; font-weight: bold;\">7 นิ้ว</span></div><div class=\"product-spec-card\" style=\"box-sizing: border-box; border: 0px; margin: 0px; padding: 12px 0px 0px; font-family: sukhumvittadmai, sans-serif; display: flex; justify-content: space-between; caret-color: rgb(27, 27, 27); color: rgb(27, 27, 27); font-size: 14px;\"><span class=\"title\" style=\"box-sizing: border-box; border: 0px; margin: 0px; padding: 0px; width: 172px;\">หน้าจอระบบสัมผัส</span><span class=\"desc\" style=\"box-sizing: border-box; border: 0px; margin: 0px; padding: 0px; width: 696px; font-size: 16px; font-weight: bold;\">รองรับ</span></div><div class=\"product-spec-card\" style=\"box-sizing: border-box; border: 0px; margin: 0px; padding: 12px 0px 0px; font-family: sukhumvittadmai, sans-serif; display: flex; justify-content: space-between; caret-color: rgb(27, 27, 27); color: rgb(27, 27, 27); font-size: 14px;\"><span class=\"title\" style=\"box-sizing: border-box; border: 0px; margin: 0px; padding: 0px; width: 172px;\">ความละเอียดหน้าจอ</span><span class=\"desc\" style=\"box-sizing: border-box; border: 0px; margin: 0px; padding: 0px; width: 696px; font-size: 16px; font-weight: bold;\">1280x720</span></div><div class=\"product-spec-card\" style=\"box-sizing: border-box; border: 0px; margin: 0px; padding: 12px 0px 0px; font-family: sukhumvittadmai, sans-serif; display: flex; justify-content: space-between; caret-color: rgb(27, 27, 27); color: rgb(27, 27, 27); font-size: 14px;\"><span class=\"title\" style=\"box-sizing: border-box; border: 0px; margin: 0px; padding: 0px; width: 172px;\">Joy-Con Controller</span><span class=\"desc\" style=\"box-sizing: border-box; border: 0px; margin: 0px; padding: 0px; width: 696px; font-size: 16px; font-weight: bold;\">รองรับ</span></div><div class=\"product-spec-card\" style=\"box-sizing: border-box; border: 0px; margin: 0px; padding: 12px 0px 0px; font-family: sukhumvittadmai, sans-serif; display: flex; justify-content: space-between; caret-color: rgb(27, 27, 27); color: rgb(27, 27, 27); font-size: 14px;\"><span class=\"title\" style=\"box-sizing: border-box; border: 0px; margin: 0px; padding: 0px; width: 172px;\">โหมดการเล่น</span><span class=\"desc\" style=\"box-sizing: border-box; border: 0px; margin: 0px; padding: 0px; width: 696px; font-size: 16px; font-weight: bold;\">Handheld Mode, Tabletop Mode, TV Mode</span></div><div class=\"product-spec-card\" style=\"box-sizing: border-box; border: 0px; margin: 0px; padding: 12px 0px 0px; font-family: sukhumvittadmai, sans-serif; display: flex; justify-content: space-between; caret-color: rgb(27, 27, 27); color: rgb(27, 27, 27); font-size: 14px;\"><span class=\"title\" style=\"box-sizing: border-box; border: 0px; margin: 0px; padding: 0px; width: 172px;\">การเชื่อมต่อไร้สาย</span><span class=\"desc\" style=\"box-sizing: border-box; border: 0px; margin: 0px; padding: 0px; width: 696px; font-size: 16px; font-weight: bold;\">Bluetooth, Wi-Fi</span></div><div class=\"product-spec-card\" style=\"box-sizing: border-box; border: 0px; margin: 0px; padding: 12px 0px 0px; font-family: sukhumvittadmai, sans-serif; display: flex; justify-content: space-between; caret-color: rgb(27, 27, 27); color: rgb(27, 27, 27); font-size: 14px;\"><span class=\"title\" style=\"box-sizing: border-box; border: 0px; margin: 0px; padding: 0px; width: 172px;\">ช่องเชื่อมต่อ</span><span class=\"desc\" style=\"box-sizing: border-box; border: 0px; margin: 0px; padding: 0px; width: 696px; font-size: 16px; font-weight: bold;\">Micro SD Card, 3.5 mm, USB-C</span></div><div class=\"product-spec-card\" style=\"box-sizing: border-box; border: 0px; margin: 0px; padding: 12px 0px 0px; font-family: sukhumvittadmai, sans-serif; display: flex; justify-content: space-between; caret-color: rgb(27, 27, 27); color: rgb(27, 27, 27); font-size: 14px;\"><span class=\"title\" style=\"box-sizing: border-box; border: 0px; margin: 0px; padding: 0px; width: 172px;\">ความจุแบตเตอรี่</span><span class=\"desc\" style=\"box-sizing: border-box; border: 0px; margin: 0px; padding: 0px; width: 696px; font-size: 16px; font-weight: bold;\">4310mAh</span></div><div class=\"product-spec-card\" style=\"box-sizing: border-box; border: 0px; margin: 0px; padding: 12px 0px 0px; font-family: sukhumvittadmai, sans-serif; display: flex; justify-content: space-between; caret-color: rgb(27, 27, 27); color: rgb(27, 27, 27); font-size: 14px;\"><span class=\"title\" style=\"box-sizing: border-box; border: 0px; margin: 0px; padding: 0px; width: 172px;\">อายุการใช้งานแบตเตอรี่</span><span class=\"desc\" style=\"box-sizing: border-box; border: 0px; margin: 0px; padding: 0px; width: 696px; font-size: 16px; font-weight: bold;\">4.5 - 9 ชั่วโมง</span></div><div class=\"product-spec-card\" style=\"box-sizing: border-box; border: 0px; margin: 0px; padding: 12px 0px 0px; font-family: sukhumvittadmai, sans-serif; display: flex; justify-content: space-between; caret-color: rgb(27, 27, 27); color: rgb(27, 27, 27); font-size: 14px;\"><span class=\"title\" style=\"box-sizing: border-box; border: 0px; margin: 0px; padding: 0px; width: 172px;\">ขนาด</span><span class=\"desc\" style=\"box-sizing: border-box; border: 0px; margin: 0px; padding: 0px; width: 696px; font-size: 16px; font-weight: bold;\">10 x 24 x 1.4 ซม.</span></div><div class=\"product-spec-card\" style=\"box-sizing: border-box; border: 0px; margin: 0px; padding: 12px 0px 0px; font-family: sukhumvittadmai, sans-serif; display: flex; justify-content: space-between; caret-color: rgb(27, 27, 27); color: rgb(27, 27, 27); font-size: 14px;\"><span class=\"title\" style=\"box-sizing: border-box; border: 0px; margin: 0px; padding: 0px; width: 172px;\">น้ำหนัก</span><span class=\"desc\" style=\"box-sizing: border-box; border: 0px; margin: 0px; padding: 0px; width: 696px; font-size: 16px; font-weight: bold;\">420 g</span></div>', 'nintendo-switch-oled-asia-console-neon-blue-neon-red-01.jpg', 0, 5, '2022-04-24 07:19:58', '2022-04-26 01:38:27 PM');
INSERT INTO `products` (`id`, `category`, `brand`, `product_name`, `product_price`, `product_description`, `product_image`, `shipping_charge`, `product_availability`, `posting_date`, `update_date`) VALUES
(29, 9, 'Nintendo', 'แผ่นเกม Nintendo Switch THE LEGEND OF ZELDA: BREATH OF THE WILD (US) Game Console', 1890, '<div class=\"product-spec-card\" style=\"box-sizing: border-box; border: 0px; margin: 0px; padding: 12px 0px 0px; font-family: sukhumvittadmai, sans-serif; display: flex; justify-content: space-between; caret-color: rgb(27, 27, 27); color: rgb(27, 27, 27); font-size: 14px;\"><span class=\"title\" style=\"box-sizing: border-box; border: 0px; margin: 0px; padding: 0px; width: 172px;\">ประเภทเกม</span><span class=\"desc\" style=\"box-sizing: border-box; border: 0px; margin: 0px; padding: 0px; width: 696px; font-size: 16px; font-weight: bold;\">Action &amp; adventure games</span></div><div class=\"product-spec-card\" style=\"box-sizing: border-box; border: 0px; margin: 0px; padding: 12px 0px 0px; font-family: sukhumvittadmai, sans-serif; display: flex; justify-content: space-between; caret-color: rgb(27, 27, 27); color: rgb(27, 27, 27); font-size: 14px;\"><span class=\"title\" style=\"box-sizing: border-box; border: 0px; margin: 0px; padding: 0px; width: 172px;\">โซนเกม</span><span class=\"desc\" style=\"box-sizing: border-box; border: 0px; margin: 0px; padding: 0px; width: 696px; font-size: 16px; font-weight: bold;\">US (MDE)</span></div><div class=\"product-spec-card\" style=\"box-sizing: border-box; border: 0px; margin: 0px; padding: 12px 0px 0px; font-family: sukhumvittadmai, sans-serif; display: flex; justify-content: space-between; caret-color: rgb(27, 27, 27); color: rgb(27, 27, 27); font-size: 14px;\"><span class=\"title\" style=\"box-sizing: border-box; border: 0px; margin: 0px; padding: 0px; width: 172px;\">จำนวนผู้เล่น</span><span class=\"desc\" style=\"box-sizing: border-box; border: 0px; margin: 0px; padding: 0px; width: 696px; font-size: 16px; font-weight: bold;\">Single Player</span></div>', 'nintendo-the-legend-of-zelda-breath-of-the-wild-us-game-console-box.jpg', 0, 5, '2022-04-24 07:21:06', '2022-04-26 01:38:50 PM'),
(30, 9, 'Nintendo', 'Nintendo Switch Joy-Con Controllers', 2390, '<span class=\"title\" style=\"box-sizing: border-box; border: 0px; margin: 0px; padding: 0px; font-family: sukhumvittadmai, sans-serif; width: 172px; font-size: 14px; caret-color: rgb(27, 27, 27); color: rgb(27, 27, 27);\">อุปกรณ์ที่รองรับ</span><span class=\"desc\" style=\"font-size: 16px; box-sizing: border-box; border: 0px; margin: 0px; padding: 0px; font-family: sukhumvittadmai, sans-serif; width: 696px; font-weight: bold; caret-color: rgb(27, 27, 27); color: rgb(27, 27, 27);\">Nintendo Switch, Nintendo Switch OLED, Nintendo Switch Lite</span><br>', 'nintendo-joy-con-controllers-neon-red-neon-blue-top.jpg', 0, 2, '2022-04-24 07:22:23', '2022-04-26 01:39:07 PM'),
(31, 10, 'Logitech', 'ชุดเล่นเกม Logitech G29 + Shifter', 17190, '<br>', 'Logitech-G29-+-Shifter-1.jpg', 0, 4, '2022-04-24 07:23:24', '2022-04-26 01:39:25 PM'),
(32, 10, 'Razer', 'จอยเกมมือถือ Razer Kishi Moblie Controller', 3190, '<div class=\"product-spec-card\" style=\"box-sizing: border-box; border: 0px; margin: 0px; padding: 12px 0px 0px; font-family: sukhumvittadmai, sans-serif; display: flex; justify-content: space-between; caret-color: rgb(27, 27, 27); color: rgb(27, 27, 27); font-size: 14px;\"><span class=\"title\" style=\"box-sizing: border-box; border: 0px; margin: 0px; padding: 0px; width: 172px;\">มีสาย/ไร้สาย</span><span class=\"desc\" style=\"box-sizing: border-box; border: 0px; margin: 0px; padding: 0px; width: 696px; font-size: 16px; font-weight: bold;\">ไร้สาย</span></div><div class=\"product-spec-card\" style=\"box-sizing: border-box; border: 0px; margin: 0px; padding: 12px 0px 0px; font-family: sukhumvittadmai, sans-serif; display: flex; justify-content: space-between; caret-color: rgb(27, 27, 27); color: rgb(27, 27, 27); font-size: 14px;\"><span class=\"title\" style=\"box-sizing: border-box; border: 0px; margin: 0px; padding: 0px; width: 172px;\">แพล็ตฟอร์ม</span><span class=\"desc\" style=\"box-sizing: border-box; border: 0px; margin: 0px; padding: 0px; width: 696px; font-size: 16px; font-weight: bold;\">iOS</span></div><div class=\"product-spec-card\" style=\"box-sizing: border-box; border: 0px; margin: 0px; padding: 12px 0px 0px; font-family: sukhumvittadmai, sans-serif; display: flex; justify-content: space-between; caret-color: rgb(27, 27, 27); color: rgb(27, 27, 27); font-size: 14px;\"><span class=\"title\" style=\"box-sizing: border-box; border: 0px; margin: 0px; padding: 0px; width: 172px;\">น้ำหนัก</span><span class=\"desc\" style=\"box-sizing: border-box; border: 0px; margin: 0px; padding: 0px; width: 696px; font-size: 16px; font-weight: bold;\">163 กรัม</span></div>', 'razer-kishi-moblie-controller-001.jpg', 0, 4, '2022-04-24 07:24:31', '2022-04-26 01:39:38 PM'),
(33, 10, 'Next Level Racing', 'ชุดเล่นเกม Next Level Racing F-GT Cockpit', 15900, '<br>', 'F-GT-Cockpit-1(1).jpg', 0, 2, '2022-04-24 07:25:59', '2022-04-26 01:40:28 PM'),
(34, 10, 'THRUSTMASTER', 'ชุดเล่นเกม THRUSTMASTER 2960778 T.16000M FCS HOTAS For PC', 5890, '<br>', '2960778-T_16000M-FCS-HOTAS-1.jpg', 0, 3, '2022-04-24 07:27:18', '2022-04-26 01:40:53 PM'),
(36, 8, 'Klipsch', 'ลำโพง Klipsch The Three With Google Assistant Bluetooth Speaker', 9990, 'Yess', 'klipsch-eiei.jpeg', 100, 3, '2022-05-08 09:05:00', NULL),
(37, 4, 'Ergotrend', 'เก้าอี้เพื่อสุขภาพ Ergotrend Dual-02BPP Ergonomic Chair', 6480, 'uiui', 'ergotrend-dual-02bpp-ergonomic-chair-06.jpeg', 100, 2, '2022-05-08 09:11:15', '2022-05-08 09:08:34 PM');

-- --------------------------------------------------------

--
-- Table structure for table `tbl_bank`
--

CREATE TABLE `tbl_bank` (
  `b_id` int(11) NOT NULL,
  `b_name` varchar(100) NOT NULL,
  `b_type` varchar(100) NOT NULL,
  `b_number` varchar(20) NOT NULL,
  `b_owner` varchar(100) NOT NULL,
  `bn_name` varchar(100) NOT NULL,
  `b_logo` varchar(250) NOT NULL
) ENGINE=InnoDB DEFAULT CHARSET=utf8;

--
-- Dumping data for table `tbl_bank`
--

INSERT INTO `tbl_bank` (`b_id`, `b_name`, `b_type`, `b_number`, `b_owner`, `bn_name`, `b_logo`) VALUES
(10, 'กรุงไทย', 'ออมทรัพย์', '8900734001', 'admin', 'นครศรีธรรมราช', '172991675920220508_220849.png');

-- --------------------------------------------------------

--
-- Table structure for table `tbl_member`
--

CREATE TABLE `tbl_member` (
  `member_id` int(11) NOT NULL,
  `m_user` varchar(20) DEFAULT NULL,
  `m_pass` varchar(255) DEFAULT NULL,
  `m_level` varchar(50) DEFAULT NULL,
  `m_name` varchar(100) DEFAULT NULL,
  `m_email` varchar(100) DEFAULT NULL,
  `m_tel` bigint(13) DEFAULT NULL,
  `m_address` varchar(200) DEFAULT NULL,
  `m_pincode` int(13) DEFAULT NULL,
  `m_img` varchar(250) DEFAULT NULL,
  `date_save` timestamp NOT NULL DEFAULT current_timestamp(),
  `date_update` varchar(255) DEFAULT NULL
) ENGINE=InnoDB DEFAULT CHARSET=utf8;

--
-- Dumping data for table `tbl_member`
--

INSERT INTO `tbl_member` (`member_id`, `m_user`, `m_pass`, `m_level`, `m_name`, `m_email`, `m_tel`, `m_address`, `m_pincode`, `m_img`, `date_save`, `date_update`) VALUES
(1, 'admin13', '21232f297a57a5a743894a0e4a801fc3', 'admin', 'admin_fiw', 'fiw777@gmail.com', 983738651, 'กรุงเทพมหานคร', 80110, '137088709720220508_222451.jpeg', '2021-06-01 19:04:28', '2022-05-08 10:24:51'),
(6, 'sara', '5bd537fc3789b5482e4936968f0fde95', 'member', 'sara_mem', 'sara69@gmail.com', 785563343, 'นครศรีธรรมราช', 80000, '135500959420220508_224936.jpeg', '2022-05-08 15:49:36', '2022-05-08 11:00:48'),
(7, 'Amatsuyu', '2ae667aefbb9705a49297ed9214cfbea', 'member', 'Amatsuyu ', 'amatsuyu99@gmail.com', 986664322, '707 Lostangle', 730089, '130401831420220510_163137.jpg', '2022-05-09 06:17:08', '2022-05-10 08:24:19 ');

--
-- Indexes for dumped tables
--

--
-- Indexes for table `category`
--
ALTER TABLE `category`
  ADD PRIMARY KEY (`id`);

--
-- Indexes for table `code`
--
ALTER TABLE `code`
  ADD PRIMARY KEY (`id`);

--
-- Indexes for table `contact`
--
ALTER TABLE `contact`
  ADD PRIMARY KEY (`id`);

--
-- Indexes for table `orders`
--
ALTER TABLE `orders`
  ADD PRIMARY KEY (`id`);

--
-- Indexes for table `order_tracking`
--
ALTER TABLE `order_tracking`
  ADD PRIMARY KEY (`id`);

--
-- Indexes for table `products`
--
ALTER TABLE `products`
  ADD PRIMARY KEY (`id`);

--
-- Indexes for table `tbl_bank`
--
ALTER TABLE `tbl_bank`
  ADD PRIMARY KEY (`b_id`);

--
-- Indexes for table `tbl_member`
--
ALTER TABLE `tbl_member`
  ADD PRIMARY KEY (`member_id`);

--
-- AUTO_INCREMENT for dumped tables
--

--
-- AUTO_INCREMENT for table `category`
--
ALTER TABLE `category`
  MODIFY `id` int(13) NOT NULL AUTO_INCREMENT, AUTO_INCREMENT=13;

--
-- AUTO_INCREMENT for table `code`
--
ALTER TABLE `code`
  MODIFY `id` int(13) NOT NULL AUTO_INCREMENT, AUTO_INCREMENT=3;

--
-- AUTO_INCREMENT for table `contact`
--
ALTER TABLE `contact`
  MODIFY `id` int(13) NOT NULL AUTO_INCREMENT, AUTO_INCREMENT=2;

--
-- AUTO_INCREMENT for table `orders`
--
ALTER TABLE `orders`
  MODIFY `id` int(13) NOT NULL AUTO_INCREMENT, AUTO_INCREMENT=79;

--
-- AUTO_INCREMENT for table `order_tracking`
--
ALTER TABLE `order_tracking`
  MODIFY `id` int(13) NOT NULL AUTO_INCREMENT, AUTO_INCREMENT=12;

--
-- AUTO_INCREMENT for table `products`
--
ALTER TABLE `products`
  MODIFY `id` int(13) NOT NULL AUTO_INCREMENT, AUTO_INCREMENT=38;

--
-- AUTO_INCREMENT for table `tbl_bank`
--
ALTER TABLE `tbl_bank`
  MODIFY `b_id` int(11) NOT NULL AUTO_INCREMENT, AUTO_INCREMENT=11;

--
-- AUTO_INCREMENT for table `tbl_member`
--
ALTER TABLE `tbl_member`
  MODIFY `member_id` int(11) NOT NULL AUTO_INCREMENT, AUTO_INCREMENT=8;
COMMIT;

/*!40101 SET CHARACTER_SET_CLIENT=@OLD_CHARACTER_SET_CLIENT */;
/*!40101 SET CHARACTER_SET_RESULTS=@OLD_CHARACTER_SET_RESULTS */;
/*!40101 SET COLLATION_CONNECTION=@OLD_COLLATION_CONNECTION */;
